<PhysiCell_settings version="devel-version">
	<domain>
		<x_min>-1500</x_min>
		<x_max>1500</x_max>
		<y_min>-1500</y_min>
		<y_max>1500</y_max>
		<z_min>-10</z_min>
		<z_max>10</z_max>
		<dx>20</dx>
		<dy>20</dy>
		<dz>20</dz>
		<use_2D>true</use_2D>
	</domain>

	<overall>
		<max_time units="min">4320</max_time>
		<time_units>min</time_units>
		<space_units>micron</space_units>

		<dt_diffusion units="min">0.01</dt_diffusion>
		<dt_mechanics units="min">0.1</dt_mechanics>
		<dt_phenotype units="min">6</dt_phenotype>
	</overall>

	<parallel>
		<omp_num_threads>8</omp_num_threads>
	</parallel>

	<save>
		<folder>output</folder>

		<full_data>
			<interval units="min">30</interval>
			<enable>true</enable>
		</full_data>

		<SVG>
			<interval units="min">30</interval>
			<enable>true</enable>
		</SVG>

		<legacy_data>
			<enable>false</enable>
		</legacy_data>
	</save>

	<options>
		<legacy_random_points_on_sphere_in_divide>false</legacy_random_points_on_sphere_in_divide>
        <virtual_wall_at_domain_edge>true</virtual_wall_at_domain_edge>
	</options>

	<microenvironment_setup>
		<variable name="virus" units="dimensionless" ID="0">
        <physical_parameter_set>
          <diffusion_coefficient units="micron^2/min">1.2766</diffusion_coefficient>
          <decay_rate units="1/min">0.0029</decay_rate>
        </physical_parameter_set>
        <initial_condition units="mmHg">0</initial_condition>
        <Dirichlet_boundary_condition units="mmHg" enabled="False">0</Dirichlet_boundary_condition>
        <Dirichlet_options>
          <boundary_value ID="xmin" enabled="False">0</boundary_value>
          <boundary_value ID="xmax" enabled="False">0</boundary_value>
          <boundary_value ID="ymin" enabled="False">0</boundary_value>
          <boundary_value ID="ymax" enabled="False">0</boundary_value>
          <boundary_value ID="zmin" enabled="False">0</boundary_value>
          <boundary_value ID="zmax" enabled="False">0</boundary_value>
        </Dirichlet_options>
        </variable>

		<variable name="wall" units="dimensionless" ID="2">
        <physical_parameter_set>
          <diffusion_coefficient units="micron^2/min">0</diffusion_coefficient>
          <decay_rate units="1/min">0</decay_rate>
        </physical_parameter_set>
        <initial_condition units="mmHg">0</initial_condition>
        <Dirichlet_boundary_condition units="mmHg" enabled="False">0</Dirichlet_boundary_condition>
        <Dirichlet_options>
          <boundary_value ID="xmin" enabled="False">0</boundary_value>
          <boundary_value ID="xmax" enabled="False">0</boundary_value>
          <boundary_value ID="ymin" enabled="False">0</boundary_value>
          <boundary_value ID="ymax" enabled="False">0</boundary_value>
          <boundary_value ID="zmin" enabled="False">0</boundary_value>
          <boundary_value ID="zmax" enabled="False">0</boundary_value>
        </Dirichlet_options>
        </variable>

      <variable name="chemokine" units="dimensionless" ID="1">
        <physical_parameter_set>
          <diffusion_coefficient units="micron^2/min">555.56</diffusion_coefficient>
          <decay_rate units="1/min">0.00000806</decay_rate>
        </physical_parameter_set>
        <initial_condition units="mmHg">0.0</initial_condition>
        <Dirichlet_boundary_condition units="mmHg" enabled="False">0.0</Dirichlet_boundary_condition>
        <Dirichlet_options>
          <boundary_value ID="xmin" enabled="False">0.0</boundary_value>
          <boundary_value ID="xmax" enabled="False">0.0</boundary_value>
          <boundary_value ID="ymin" enabled="False">0.0</boundary_value>
          <boundary_value ID="ymax" enabled="False">0.0</boundary_value>
          <boundary_value ID="zmin" enabled="False">0.0</boundary_value>
          <boundary_value ID="zmax" enabled="False">0.0</boundary_value>
        </Dirichlet_options>
        </variable>

      <options>
			<calculate_gradients>false</calculate_gradients>
			<track_internalized_substrates_in_each_agent>false</track_internalized_substrates_in_each_agent>

			<initial_condition type="matlab" enabled="false">
				<filename>./config/initial.mat</filename>
			</initial_condition>

			<dirichlet_nodes type="matlab" enabled="false">
				<filename>./config/dirichlet.mat</filename>
			</dirichlet_nodes>
		</options>
	</microenvironment_setup>

	<cell_definitions>
		<cell_definition name="default" ID="0">
        <phenotype>
          <cycle code="6" name="Flow cytometry model (separated)">
            <phase_durations units="min">
              <duration index="0" fixed_duration="false">300.0</duration>
              <duration index="1" fixed_duration="true">480</duration>
              <duration index="2" fixed_duration="true">240</duration>
              <duration index="3" fixed_duration="true">60</duration>
            </phase_durations>
            </cycle>

          <death>
            <model code="100" name="apoptosis">
              <death_rate units="1/min">5.31667e-05</death_rate>
              <phase_durations units="min">
                <duration index="0" fixed_duration="true">516</duration>
              </phase_durations>
              <parameters>
                <unlysed_fluid_change_rate units="1/min">0.05</unlysed_fluid_change_rate>
                <lysed_fluid_change_rate units="1/min">0</lysed_fluid_change_rate>
                <cytoplasmic_biomass_change_rate units="1/min">1.66667e-02</cytoplasmic_biomass_change_rate>
                <nuclear_biomass_change_rate units="1/min">5.83333e-03</nuclear_biomass_change_rate>
                <calcification_rate units="1/min">0</calcification_rate>
                <relative_rupture_volume units="dimensionless">2.0</relative_rupture_volume>
              </parameters>
            </model>
            <model code="101" name="necrosis">
              <death_rate units="1/min">0.0</death_rate>
              <phase_durations units="min">
                <duration index="0" fixed_duration="true">0</duration>
              <duration index="1" fixed_duration="true">86400</duration>
              </phase_durations>
              <parameters>
                <unlysed_fluid_change_rate units="1/min">0.05</unlysed_fluid_change_rate>
                <lysed_fluid_change_rate units="1/min">0</lysed_fluid_change_rate>
                <cytoplasmic_biomass_change_rate units="1/min">1.66667e-02</cytoplasmic_biomass_change_rate>
                <nuclear_biomass_change_rate units="1/min">5.83333e-03</nuclear_biomass_change_rate>
                <calcification_rate units="1/min">0</calcification_rate>
                <relative_rupture_volume units="dimensionless">2.0</relative_rupture_volume>
              </parameters>
            </model>
          </death>

          <volume>
            <total units="micron^3">2494</total>
            <fluid_fraction units="dimensionless">0.75</fluid_fraction>
            <nuclear units="micron^3">540</nuclear>
            <fluid_change_rate units="1/min">0.05</fluid_change_rate>
            <cytoplasmic_biomass_change_rate units="1/min">0.0045</cytoplasmic_biomass_change_rate>
            <nuclear_biomass_change_rate units="1/min">0.0055</nuclear_biomass_change_rate>
            <calcified_fraction units="dimensionless">0</calcified_fraction>
            <calcification_rate units="1/min">0</calcification_rate>
            <relative_rupture_volume units="dimensionless">2.0</relative_rupture_volume>
          </volume>

          <mechanics>
            <cell_cell_adhesion_strength units="micron/min">0.4</cell_cell_adhesion_strength>
            <cell_cell_repulsion_strength units="micron/min">10.0</cell_cell_repulsion_strength>
            <relative_maximum_adhesion_distance units="dimensionless">1.25</relative_maximum_adhesion_distance>
            <cell_adhesion_affinities>
                <cell_adhesion_affinity name="default">1.0</cell_adhesion_affinity>
                <cell_adhesion_affinity name="cancer">1.0</cell_adhesion_affinity>
                <cell_adhesion_affinity name="th">1.0</cell_adhesion_affinity>
                <cell_adhesion_affinity name="ctl">1.0</cell_adhesion_affinity>
                <cell_adhesion_affinity name="stromal">1.0</cell_adhesion_affinity>
                </cell_adhesion_affinities>
            <options>
              <set_relative_equilibrium_distance enabled="false" units="dimensionless">1.8</set_relative_equilibrium_distance>
              <set_absolute_equilibrium_distance enabled="false" units="micron">15.12</set_absolute_equilibrium_distance>
            </options>
            <cell_BM_adhesion_strength units="micron/min">4.0</cell_BM_adhesion_strength>
            <cell_BM_repulsion_strength units="micron/min">10.0</cell_BM_repulsion_strength>
            <attachment_elastic_constant units="1/min">0.01</attachment_elastic_constant>
            <attachment_rate units="1/min">10.0</attachment_rate>
            <detachment_rate units="1/min">0.0</detachment_rate>
          </mechanics>

          <motility>
            <speed units="micron/min">1</speed>
            <persistence_time units="min">1</persistence_time>
            <migration_bias units="dimensionless">.5</migration_bias>
            <options>
              <enabled>false</enabled>
              <use_2D>true</use_2D>
              <chemotaxis>
                <enabled>false</enabled>
                <substrate>virus</substrate>
                <direction>1</direction>
              </chemotaxis>
              <advanced_chemotaxis>
                <enabled>false</enabled>
                <normalize_each_gradient>false</normalize_each_gradient>
                <chemotactic_sensitivities>
                  <chemotactic_sensitivity substrate="virus">0.0</chemotactic_sensitivity>
                  <chemotactic_sensitivity substrate="chemokine">0.0</chemotactic_sensitivity>
                  </chemotactic_sensitivities>
                </advanced_chemotaxis>
            </options>
          </motility>

          <secretion>
            <substrate name="virus">
              <secretion_rate units="1/min">0</secretion_rate>
              <secretion_target units="substrate density">1</secretion_target>
              <uptake_rate units="1/min">0</uptake_rate>
              <net_export_rate units="total substrate/min">0</net_export_rate>
            </substrate>
            <substrate name="chemokine">
              <secretion_rate units="1/min">0.0</secretion_rate>
              <secretion_target units="substrate density">0.0</secretion_target>
              <uptake_rate units="1/min">0.0</uptake_rate>
              <net_export_rate units="total substrate/min">0.0</net_export_rate>
            </substrate>
            </secretion>

          <cell_interactions>
            <dead_phagocytosis_rate units="1/min">0.0</dead_phagocytosis_rate>
            <live_phagocytosis_rates>
                <phagocytosis_rate name="default" units="1/min">0.0</phagocytosis_rate>
                <phagocytosis_rate name="cancer" units="1/min">0.0</phagocytosis_rate>
                <phagocytosis_rate name="th" units="1/min">0.0</phagocytosis_rate>
                <phagocytosis_rate name="ctl" units="1/min">0.0</phagocytosis_rate>
                <phagocytosis_rate name="stromal" units="1/min">0.0</phagocytosis_rate>
                </live_phagocytosis_rates>

            <attack_rates>
                  <attack_rate name="default" units="1/min">0.0</attack_rate>
                  <attack_rate name="cancer" units="1/min">0.0</attack_rate>
                  <attack_rate name="th" units="1/min">0.0</attack_rate>
                  <attack_rate name="ctl" units="1/min">0.0</attack_rate>
                  <attack_rate name="stromal" units="1/min">0.0</attack_rate>
                  </attack_rates>

            <damage_rate units="1/min">1.0</damage_rate>
            <fusion_rates>
                  <fusion_rate name="default" units="1/min">0.0</fusion_rate>
                  <fusion_rate name="cancer" units="1/min">0.0</fusion_rate>
                  <fusion_rate name="th" units="1/min">0.0</fusion_rate>
                  <fusion_rate name="ctl" units="1/min">0.0</fusion_rate>
                  <fusion_rate name="stromal" units="1/min">0.0</fusion_rate>
                  </fusion_rates>

          </cell_interactions>

          <cell_transformations>
            <transformation_rates>
                <transformation_rate name="default" units="1/min">0.0</transformation_rate>
                <transformation_rate name="cancer" units="1/min">0.0</transformation_rate>
                <transformation_rate name="th" units="1/min">0.0</transformation_rate>
                <transformation_rate name="ctl" units="1/min">0.0</transformation_rate>
                <transformation_rate name="stromal" units="1/min">0.0</transformation_rate>
                </transformation_rates>
            </cell_transformations>

          </phenotype>
        <custom_data>
          <sample units="" description="">1.0</sample>
        </custom_data>
      </cell_definition>

    <cell_definition name="cancer" ID="2">
      <phenotype>
        <cycle code="5" name="live">
          <phase_transition_rates units="1/min">
            <rate start_index="0" end_index="0" fixed_duration="false">0</rate>
          </phase_transition_rates>
          </cycle>

        <death>
          <model code="100" name="apoptosis">
            <death_rate units="1/min">0</death_rate>
            <phase_transition_rates units="1/min">
              <rate start_index="0" end_index="1" fixed_duration="false">0.0</rate>
            </phase_transition_rates>
            <parameters>
              <unlysed_fluid_change_rate units="1/min">0.0</unlysed_fluid_change_rate>
              <lysed_fluid_change_rate units="1/min">0.0</lysed_fluid_change_rate>
              <cytoplasmic_biomass_change_rate units="1/min">0.0</cytoplasmic_biomass_change_rate>
              <nuclear_biomass_change_rate units="1/min">0.0</nuclear_biomass_change_rate>
              <calcification_rate units="1/min">0.0</calcification_rate>
              <relative_rupture_volume units="dimensionless">0.0</relative_rupture_volume>
            </parameters>
          </model>
          <model code="101" name="necrosis">
            <death_rate units="1/min">0.0</death_rate>
            <phase_transition_rates units="1/min">
              <rate start_index="0" end_index="1" fixed_duration="true">0.0</rate>
              <rate start_index="1" end_index="2" fixed_duration="true">0.0</rate>
            </phase_transition_rates>
            <parameters>
              <unlysed_fluid_change_rate units="1/min">0.0</unlysed_fluid_change_rate>
              <lysed_fluid_change_rate units="1/min">0.0</lysed_fluid_change_rate>
              <cytoplasmic_biomass_change_rate units="1/min">0.0</cytoplasmic_biomass_change_rate>
              <nuclear_biomass_change_rate units="1/min">0.0</nuclear_biomass_change_rate>
              <calcification_rate units="1/min">0.0</calcification_rate>
              <relative_rupture_volume units="dimensionless">0.0</relative_rupture_volume>
            </parameters>
          </model>
        </death>

        <volume>
          <total units="micron^3">5276.66</total>
          <fluid_fraction units="dimensionless">0.75</fluid_fraction>
          <nuclear units="micron^3">740</nuclear>
          <fluid_change_rate units="1/min">0.0</fluid_change_rate>
          <cytoplasmic_biomass_change_rate units="1/min">0.0</cytoplasmic_biomass_change_rate>
          <nuclear_biomass_change_rate units="1/min">0.0</nuclear_biomass_change_rate>
          <calcified_fraction units="dimensionless">0.0</calcified_fraction>
          <calcification_rate units="1/min">0.0</calcification_rate>
          <relative_rupture_volume units="dimensionless">0.0</relative_rupture_volume>
        </volume>

        <mechanics>
          <cell_cell_adhesion_strength units="micron/min">0.4</cell_cell_adhesion_strength>
          <cell_cell_repulsion_strength units="micron/min">10.0</cell_cell_repulsion_strength>
          <relative_maximum_adhesion_distance units="dimensionless">1.25</relative_maximum_adhesion_distance>
          <cell_adhesion_affinities>
              <cell_adhesion_affinity name="default">1.0</cell_adhesion_affinity>
              <cell_adhesion_affinity name="cancer">1.0</cell_adhesion_affinity>
              <cell_adhesion_affinity name="th">1.0</cell_adhesion_affinity>
              <cell_adhesion_affinity name="ctl">1.0</cell_adhesion_affinity>
              <cell_adhesion_affinity name="stromal">1.0</cell_adhesion_affinity>
              </cell_adhesion_affinities>
          <options>
            <set_relative_equilibrium_distance enabled="false" units="dimensionless">1.8</set_relative_equilibrium_distance>
            <set_absolute_equilibrium_distance enabled="false" units="micron">15.12</set_absolute_equilibrium_distance>
          </options>
          <cell_BM_adhesion_strength units="micron/min">4.0</cell_BM_adhesion_strength>
          <cell_BM_repulsion_strength units="micron/min">10.0</cell_BM_repulsion_strength>
          <attachment_elastic_constant units="1/min">0.01</attachment_elastic_constant>
          <attachment_rate units="1/min">10.0</attachment_rate>
          <detachment_rate units="1/min">0.0</detachment_rate>
        </mechanics>

        <motility>
          <speed units="micron/min">0.0</speed>
          <persistence_time units="min">0.0</persistence_time>
          <migration_bias units="dimensionless">0.0</migration_bias>
          <options>
            <enabled>false</enabled>
            <use_2D>true</use_2D>
            <chemotaxis>
              <enabled>false</enabled>
              <substrate>virus</substrate>
              <direction>1</direction>
            </chemotaxis>
            <advanced_chemotaxis>
              <enabled>false</enabled>
              <normalize_each_gradient>false</normalize_each_gradient>
              <chemotactic_sensitivities>
                <chemotactic_sensitivity substrate="virus">0.0</chemotactic_sensitivity>
                <chemotactic_sensitivity substrate="chemokine">0.0</chemotactic_sensitivity>
                </chemotactic_sensitivities>
              </advanced_chemotaxis>
          </options>
        </motility>

        <secretion>
          <substrate name="virus">
            <secretion_rate units="1/min">0.0</secretion_rate>
            <secretion_target units="substrate density">1.0</secretion_target>
            <uptake_rate units="1/min">0.0</uptake_rate>
            <net_export_rate units="total substrate/min">0.0</net_export_rate>
          </substrate>
          <substrate name="chemokine">
            <secretion_rate units="1/min">0.0</secretion_rate>
            <secretion_target units="substrate density">1.0</secretion_target>
            <uptake_rate units="1/min">0.0</uptake_rate>
            <net_export_rate units="total substrate/min">0.0</net_export_rate>
          </substrate>
          </secretion>

        <cell_interactions>
          <dead_phagocytosis_rate units="1/min">0.0</dead_phagocytosis_rate>
          <live_phagocytosis_rates>
              <phagocytosis_rate name="default" units="1/min">0.0</phagocytosis_rate>
              <phagocytosis_rate name="cancer" units="1/min">0.0</phagocytosis_rate>
              <phagocytosis_rate name="th" units="1/min">0.0</phagocytosis_rate>
              <phagocytosis_rate name="ctl" units="1/min">0.0</phagocytosis_rate>
              <phagocytosis_rate name="stromal" units="1/min">0.0</phagocytosis_rate>
              </live_phagocytosis_rates>

          <attack_rates>
                <attack_rate name="default" units="1/min">0.0</attack_rate>
                <attack_rate name="cancer" units="1/min">0.0</attack_rate>
                <attack_rate name="th" units="1/min">0.0</attack_rate>
                <attack_rate name="ctl" units="1/min">0.0</attack_rate>
                <attack_rate name="stromal" units="1/min">0.0</attack_rate>
                </attack_rates>

          <damage_rate units="1/min">1.0</damage_rate>
          <fusion_rates>
                <fusion_rate name="default" units="1/min">0.0</fusion_rate>
                <fusion_rate name="cancer" units="1/min">0.0</fusion_rate>
                <fusion_rate name="th" units="1/min">0.0</fusion_rate>
                <fusion_rate name="ctl" units="1/min">0.0</fusion_rate>
                <fusion_rate name="stromal" units="1/min">0.0</fusion_rate>
                </fusion_rates>

        </cell_interactions>

        <cell_transformations>
          <transformation_rates>
              <transformation_rate name="default" units="1/min">0.0</transformation_rate>
              <transformation_rate name="cancer" units="1/min">0.0</transformation_rate>
              <transformation_rate name="th" units="1/min">0.0</transformation_rate>
              <transformation_rate name="ctl" units="1/min">0.0</transformation_rate>
              <transformation_rate name="stromal" units="1/min">0.0</transformation_rate>
              </transformation_rates>
          </cell_transformations>

        </phenotype>
      <custom_data>
        <sample units="" description="">1.0</sample>
      </custom_data>
    </cell_definition>

    <cell_definition name="th" ID="1">
      <phenotype>
        <cycle code="1" name="basic Ki67">
          <phase_transition_rates units="1/min">
            <rate start_index="0" end_index="1" fixed_duration="false">0.000079</rate>
            <rate start_index="1" end_index="0" fixed_duration="false">0.000079</rate>
          </phase_transition_rates>
          </cycle>

        <death>
          <model code="100" name="apoptosis">
            <death_rate units="1/min">0.0</death_rate>
            <phase_transition_rates units="1/min">
              <rate start_index="0" end_index="1" fixed_duration="false">0.0</rate>
            </phase_transition_rates>
            <parameters>
              <unlysed_fluid_change_rate units="1/min">0.0</unlysed_fluid_change_rate>
              <lysed_fluid_change_rate units="1/min">0.0</lysed_fluid_change_rate>
              <cytoplasmic_biomass_change_rate units="1/min">0.0</cytoplasmic_biomass_change_rate>
              <nuclear_biomass_change_rate units="1/min">0.0</nuclear_biomass_change_rate>
              <calcification_rate units="1/min">0.0</calcification_rate>
              <relative_rupture_volume units="dimensionless">0.0</relative_rupture_volume>
            </parameters>
          </model>
          <model code="101" name="necrosis">
            <death_rate units="1/min">0.0</death_rate>
            <phase_transition_rates units="1/min">
              <rate start_index="0" end_index="1" fixed_duration="true">0.0</rate>
              <rate start_index="1" end_index="2" fixed_duration="true">0.0</rate>
            </phase_transition_rates>
            <parameters>
              <unlysed_fluid_change_rate units="1/min">0.0</unlysed_fluid_change_rate>
              <lysed_fluid_change_rate units="1/min">0.0</lysed_fluid_change_rate>
              <cytoplasmic_biomass_change_rate units="1/min">0.0</cytoplasmic_biomass_change_rate>
              <nuclear_biomass_change_rate units="1/min">0.0</nuclear_biomass_change_rate>
              <calcification_rate units="1/min">0.0</calcification_rate>
              <relative_rupture_volume units="dimensionless">0.0</relative_rupture_volume>
            </parameters>
          </model>
        </death>

        <volume>
          <total units="micron^3">195.43</total>
          <fluid_fraction units="dimensionless">0.75</fluid_fraction>
          <nuclear units="micron^3">95.2</nuclear>
          <fluid_change_rate units="1/min">0.0</fluid_change_rate>
          <cytoplasmic_biomass_change_rate units="1/min">0.0</cytoplasmic_biomass_change_rate>
          <nuclear_biomass_change_rate units="1/min">0.0</nuclear_biomass_change_rate>
          <calcified_fraction units="dimensionless">0.0</calcified_fraction>
          <calcification_rate units="1/min">0.0</calcification_rate>
          <relative_rupture_volume units="dimensionless">0.0</relative_rupture_volume>
        </volume>

        <mechanics>
          <cell_cell_adhesion_strength units="micron/min">0.4</cell_cell_adhesion_strength>
          <cell_cell_repulsion_strength units="micron/min">10.0</cell_cell_repulsion_strength>
          <relative_maximum_adhesion_distance units="dimensionless">1.25</relative_maximum_adhesion_distance>
          <cell_adhesion_affinities>
              <cell_adhesion_affinity name="default">1.0</cell_adhesion_affinity>
              <cell_adhesion_affinity name="cancer">1.0</cell_adhesion_affinity>
              <cell_adhesion_affinity name="th">1.0</cell_adhesion_affinity>
              <cell_adhesion_affinity name="ctl">1.0</cell_adhesion_affinity>
              <cell_adhesion_affinity name="stromal">1.0</cell_adhesion_affinity>
              </cell_adhesion_affinities>
          <options>
            <set_relative_equilibrium_distance enabled="false" units="dimensionless">1.8</set_relative_equilibrium_distance>
            <set_absolute_equilibrium_distance enabled="false" units="micron">15.12</set_absolute_equilibrium_distance>
          </options>
          <cell_BM_adhesion_strength units="micron/min">4.0</cell_BM_adhesion_strength>
          <cell_BM_repulsion_strength units="micron/min">10.0</cell_BM_repulsion_strength>
          <attachment_elastic_constant units="1/min">0.01</attachment_elastic_constant>
          <attachment_rate units="1/min">10.0</attachment_rate>
          <detachment_rate units="1/min">0.0</detachment_rate>
        </mechanics>

        <motility>
          <speed units="micron/min">0.0</speed>
          <persistence_time units="min">0.0</persistence_time>
          <migration_bias units="dimensionless">0.0</migration_bias>
          <options>
            <enabled>true</enabled>
            <use_2D>true</use_2D>
            <chemotaxis>
              <enabled>true</enabled>
              <substrate>virus</substrate>
              <direction>1</direction>
            </chemotaxis>
            <advanced_chemotaxis>
              <enabled>false</enabled>
              <normalize_each_gradient>false</normalize_each_gradient>
              <chemotactic_sensitivities>
                <chemotactic_sensitivity substrate="virus">0.0</chemotactic_sensitivity>
                <chemotactic_sensitivity substrate="chemokine">0.0</chemotactic_sensitivity>
                </chemotactic_sensitivities>
              </advanced_chemotaxis>
          </options>
        </motility>

        <secretion>
          <substrate name="virus">
            <secretion_rate units="1/min">0.0</secretion_rate>
            <secretion_target units="substrate density">1.0</secretion_target>
            <uptake_rate units="1/min">0.0</uptake_rate>
            <net_export_rate units="total substrate/min">0.0</net_export_rate>
          </substrate>
          <substrate name="chemokine">
            <secretion_rate units="1/min">0.0417</secretion_rate>
            <secretion_target units="substrate density">1.0</secretion_target>
            <uptake_rate units="1/min">0.0</uptake_rate>
            <net_export_rate units="total substrate/min">0.0</net_export_rate>
          </substrate>
          </secretion>

        <cell_interactions>
          <dead_phagocytosis_rate units="1/min">0.0</dead_phagocytosis_rate>
          <live_phagocytosis_rates>
              <phagocytosis_rate name="default" units="1/min">0.0</phagocytosis_rate>
              <phagocytosis_rate name="cancer" units="1/min">0.0</phagocytosis_rate>
              <phagocytosis_rate name="th" units="1/min">0.0</phagocytosis_rate>
              <phagocytosis_rate name="ctl" units="1/min">0.0</phagocytosis_rate>
              <phagocytosis_rate name="stromal" units="1/min">0.0</phagocytosis_rate>
              </live_phagocytosis_rates>

          <attack_rates>
                <attack_rate name="default" units="1/min">0.0</attack_rate>
                <attack_rate name="cancer" units="1/min">0.0</attack_rate>
                <attack_rate name="th" units="1/min">0.0</attack_rate>
                <attack_rate name="ctl" units="1/min">0.0</attack_rate>
                <attack_rate name="stromal" units="1/min">0.0</attack_rate>
                </attack_rates>

          <damage_rate units="1/min">1.0</damage_rate>
          <fusion_rates>
                <fusion_rate name="default" units="1/min">0.0</fusion_rate>
                <fusion_rate name="cancer" units="1/min">0.0</fusion_rate>
                <fusion_rate name="th" units="1/min">0.0</fusion_rate>
                <fusion_rate name="ctl" units="1/min">0.0</fusion_rate>
                <fusion_rate name="stromal" units="1/min">0.0</fusion_rate>
                </fusion_rates>

        </cell_interactions>

        <cell_transformations>
          <transformation_rates>
              <transformation_rate name="default" units="1/min">0.0</transformation_rate>
              <transformation_rate name="cancer" units="1/min">0.0</transformation_rate>
              <transformation_rate name="th" units="1/min">0.0</transformation_rate>
              <transformation_rate name="ctl" units="1/min">0.0</transformation_rate>
              <transformation_rate name="stromal" units="1/min">0.0</transformation_rate>
              </transformation_rates>
          </cell_transformations>

        </phenotype>
      <custom_data>
        <sample units="" description="">1.0</sample>
      </custom_data>
    </cell_definition>

    <cell_definition name="ctl" ID="3">
      <phenotype>
        <cycle code="1" name="basic Ki67">
          <phase_transition_rates units="1/min">
            <rate start_index="0" end_index="1" fixed_duration="false">0.000072</rate>
            <rate start_index="1" end_index="0" fixed_duration="false">0.000072</rate>
          </phase_transition_rates>
          </cycle>

        <death>
          <model code="100" name="apoptosis">
            <death_rate units="1/min">0.0</death_rate>
            <phase_transition_rates units="1/min">
              <rate start_index="0" end_index="1" fixed_duration="false">0.0</rate>
            </phase_transition_rates>
            <parameters>
              <unlysed_fluid_change_rate units="1/min">0.0</unlysed_fluid_change_rate>
              <lysed_fluid_change_rate units="1/min">0.0</lysed_fluid_change_rate>
              <cytoplasmic_biomass_change_rate units="1/min">0.0</cytoplasmic_biomass_change_rate>
              <nuclear_biomass_change_rate units="1/min">0.0</nuclear_biomass_change_rate>
              <calcification_rate units="1/min">0.0</calcification_rate>
              <relative_rupture_volume units="dimensionless">0.0</relative_rupture_volume>
            </parameters>
          </model>
          <model code="101" name="necrosis">
            <death_rate units="1/min">0.0</death_rate>
            <phase_transition_rates units="1/min">
              <rate start_index="0" end_index="1" fixed_duration="true">0.0</rate>
              <rate start_index="1" end_index="2" fixed_duration="true">0.0</rate>
            </phase_transition_rates>
            <parameters>
              <unlysed_fluid_change_rate units="1/min">0.0</unlysed_fluid_change_rate>
              <lysed_fluid_change_rate units="1/min">0.0</lysed_fluid_change_rate>
              <cytoplasmic_biomass_change_rate units="1/min">0.0</cytoplasmic_biomass_change_rate>
              <nuclear_biomass_change_rate units="1/min">0.0</nuclear_biomass_change_rate>
              <calcification_rate units="1/min">0.0</calcification_rate>
              <relative_rupture_volume units="dimensionless">0.0</relative_rupture_volume>
            </parameters>
          </model>
        </death>

        <volume>
          <total units="micron^3">195.43</total>
          <fluid_fraction units="dimensionless">0.75</fluid_fraction>
          <nuclear units="micron^3">96.2</nuclear>
          <fluid_change_rate units="1/min">0.0</fluid_change_rate>
          <cytoplasmic_biomass_change_rate units="1/min">0.0</cytoplasmic_biomass_change_rate>
          <nuclear_biomass_change_rate units="1/min">0.0</nuclear_biomass_change_rate>
          <calcified_fraction units="dimensionless">0.0</calcified_fraction>
          <calcification_rate units="1/min">0.0</calcification_rate>
          <relative_rupture_volume units="dimensionless">0.0</relative_rupture_volume>
        </volume>

        <mechanics>
          <cell_cell_adhesion_strength units="micron/min">0.4</cell_cell_adhesion_strength>
          <cell_cell_repulsion_strength units="micron/min">10.0</cell_cell_repulsion_strength>
          <relative_maximum_adhesion_distance units="dimensionless">1.25</relative_maximum_adhesion_distance>
          <cell_adhesion_affinities>
              <cell_adhesion_affinity name="default">1.0</cell_adhesion_affinity>
              <cell_adhesion_affinity name="cancer">1.0</cell_adhesion_affinity>
              <cell_adhesion_affinity name="th">1.0</cell_adhesion_affinity>
              <cell_adhesion_affinity name="ctl">1.0</cell_adhesion_affinity>
              <cell_adhesion_affinity name="stromal">1.0</cell_adhesion_affinity>
              </cell_adhesion_affinities>
          <options>
            <set_relative_equilibrium_distance enabled="false" units="dimensionless">1.8</set_relative_equilibrium_distance>
            <set_absolute_equilibrium_distance enabled="false" units="micron">15.12</set_absolute_equilibrium_distance>
          </options>
          <cell_BM_adhesion_strength units="micron/min">4.0</cell_BM_adhesion_strength>
          <cell_BM_repulsion_strength units="micron/min">10.0</cell_BM_repulsion_strength>
          <attachment_elastic_constant units="1/min">0.01</attachment_elastic_constant>
          <attachment_rate units="1/min">10.0</attachment_rate>
          <detachment_rate units="1/min">0.0</detachment_rate>
        </mechanics>

        <motility>
          <speed units="micron/min">0.0</speed>
          <persistence_time units="min">0.0</persistence_time>
          <migration_bias units="dimensionless">0.0</migration_bias>
          <options>
            <enabled>true</enabled>
            <use_2D>true</use_2D>
            <chemotaxis>
              <enabled>true</enabled>
              <substrate>chemokine</substrate>
              <direction>1</direction>
            </chemotaxis>
            <advanced_chemotaxis>
              <enabled>false</enabled>
              <normalize_each_gradient>false</normalize_each_gradient>
              <chemotactic_sensitivities>
                <chemotactic_sensitivity substrate="virus">0.0</chemotactic_sensitivity>
                <chemotactic_sensitivity substrate="chemokine">0.0</chemotactic_sensitivity>
                </chemotactic_sensitivities>
              </advanced_chemotaxis>
          </options>
        </motility>

        <secretion>
          <substrate name="virus">
            <secretion_rate units="1/min">0.0</secretion_rate>
            <secretion_target units="substrate density">1.0</secretion_target>
            <uptake_rate units="1/min">0.0</uptake_rate>
            <net_export_rate units="total substrate/min">0.0</net_export_rate>
          </substrate>
          <substrate name="chemokine">
            <secretion_rate units="1/min">0.0</secretion_rate>
            <secretion_target units="substrate density">1.0</secretion_target>
            <uptake_rate units="1/min">0.0</uptake_rate>
            <net_export_rate units="total substrate/min">0.0</net_export_rate>
          </substrate>
          </secretion>

        <cell_interactions>
          <dead_phagocytosis_rate units="1/min">0.0</dead_phagocytosis_rate>
          <live_phagocytosis_rates>
              <phagocytosis_rate name="default" units="1/min">0.0</phagocytosis_rate>
              <phagocytosis_rate name="cancer" units="1/min">0.0</phagocytosis_rate>
              <phagocytosis_rate name="th" units="1/min">0.0</phagocytosis_rate>
              <phagocytosis_rate name="ctl" units="1/min">0.0</phagocytosis_rate>
              <phagocytosis_rate name="stromal" units="1/min">0.0</phagocytosis_rate>
              </live_phagocytosis_rates>

          <attack_rates>
                <attack_rate name="default" units="1/min">0.0</attack_rate>
                <attack_rate name="cancer" units="1/min">0.0</attack_rate>
                <attack_rate name="th" units="1/min">0.0</attack_rate>
                <attack_rate name="ctl" units="1/min">0.0</attack_rate>
                <attack_rate name="stromal" units="1/min">0.0</attack_rate>
                </attack_rates>

          <damage_rate units="1/min">1.0</damage_rate>
          <fusion_rates>
                <fusion_rate name="default" units="1/min">0.0</fusion_rate>
                <fusion_rate name="cancer" units="1/min">0.0</fusion_rate>
                <fusion_rate name="th" units="1/min">0.0</fusion_rate>
                <fusion_rate name="ctl" units="1/min">0.0</fusion_rate>
                <fusion_rate name="stromal" units="1/min">0.0</fusion_rate>
                </fusion_rates>

        </cell_interactions>

        <cell_transformations>
          <transformation_rates>
              <transformation_rate name="default" units="1/min">0.0</transformation_rate>
              <transformation_rate name="cancer" units="1/min">0.0</transformation_rate>
              <transformation_rate name="th" units="1/min">0.0</transformation_rate>
              <transformation_rate name="ctl" units="1/min">0.0</transformation_rate>
              <transformation_rate name="stromal" units="1/min">0.0</transformation_rate>
              </transformation_rates>
          </cell_transformations>

        </phenotype>
      <custom_data>
        <sample units="" description="">1.0</sample>
      </custom_data>
    </cell_definition>

    <cell_definition name="stromal" ID="4">
      <phenotype>
        <cycle code="5" name="live">
          <phase_transition_rates units="1/min">
            <rate start_index="0" end_index="0" fixed_duration="false">0.0</rate>
          </phase_transition_rates>
          </cycle>

        <death>
          <model code="100" name="apoptosis">
            <death_rate units="1/min">0.0</death_rate>
            <phase_transition_rates units="1/min">
              <rate start_index="0" end_index="1" fixed_duration="false">0.0</rate>
            </phase_transition_rates>
            <parameters>
              <unlysed_fluid_change_rate units="1/min">0.0</unlysed_fluid_change_rate>
              <lysed_fluid_change_rate units="1/min">0.0</lysed_fluid_change_rate>
              <cytoplasmic_biomass_change_rate units="1/min">0.0</cytoplasmic_biomass_change_rate>
              <nuclear_biomass_change_rate units="1/min">0.0</nuclear_biomass_change_rate>
              <calcification_rate units="1/min">0.0</calcification_rate>
              <relative_rupture_volume units="dimensionless">0.0</relative_rupture_volume>
            </parameters>
          </model>
          <model code="101" name="necrosis">
            <death_rate units="1/min">0.0</death_rate>
            <phase_transition_rates units="1/min">
              <rate start_index="0" end_index="1" fixed_duration="true">0.0</rate>
              <rate start_index="1" end_index="2" fixed_duration="true">0.0</rate>
            </phase_transition_rates>
            <parameters>
              <unlysed_fluid_change_rate units="1/min">0.0</unlysed_fluid_change_rate>
              <lysed_fluid_change_rate units="1/min">0.0</lysed_fluid_change_rate>
              <cytoplasmic_biomass_change_rate units="1/min">0.0</cytoplasmic_biomass_change_rate>
              <nuclear_biomass_change_rate units="1/min">0.0</nuclear_biomass_change_rate>
              <calcification_rate units="1/min">0.0</calcification_rate>
              <relative_rupture_volume units="dimensionless">0.0</relative_rupture_volume>
            </parameters>
          </model>
        </death>

        <volume>
          <total units="micron^3">1767.14</total>
          <fluid_fraction units="dimensionless">0.75</fluid_fraction>
          <nuclear units="micron^3">500</nuclear>
          <fluid_change_rate units="1/min">0.0</fluid_change_rate>
          <cytoplasmic_biomass_change_rate units="1/min">0.0</cytoplasmic_biomass_change_rate>
          <nuclear_biomass_change_rate units="1/min">0.0</nuclear_biomass_change_rate>
          <calcified_fraction units="dimensionless">0.0</calcified_fraction>
          <calcification_rate units="1/min">0.0</calcification_rate>
          <relative_rupture_volume units="dimensionless">0.0</relative_rupture_volume>
        </volume>

        <mechanics>
          <cell_cell_adhesion_strength units="micron/min">0.4</cell_cell_adhesion_strength>
          <cell_cell_repulsion_strength units="micron/min">10.0</cell_cell_repulsion_strength>
          <relative_maximum_adhesion_distance units="dimensionless">1.25</relative_maximum_adhesion_distance>
          <cell_adhesion_affinities>
              <cell_adhesion_affinity name="default">1.0</cell_adhesion_affinity>
              <cell_adhesion_affinity name="cancer">1.0</cell_adhesion_affinity>
              <cell_adhesion_affinity name="th">1.0</cell_adhesion_affinity>
              <cell_adhesion_affinity name="ctl">1.0</cell_adhesion_affinity>
              <cell_adhesion_affinity name="stromal">1.0</cell_adhesion_affinity>
              </cell_adhesion_affinities>
          <options>
            <set_relative_equilibrium_distance enabled="false" units="dimensionless">1.8</set_relative_equilibrium_distance>
            <set_absolute_equilibrium_distance enabled="false" units="micron">15.12</set_absolute_equilibrium_distance>
          </options>
          <cell_BM_adhesion_strength units="micron/min">4.0</cell_BM_adhesion_strength>
          <cell_BM_repulsion_strength units="micron/min">10.0</cell_BM_repulsion_strength>
          <attachment_elastic_constant units="1/min">0.01</attachment_elastic_constant>
          <attachment_rate units="1/min">10.0</attachment_rate>
          <detachment_rate units="1/min">0.0</detachment_rate>
        </mechanics>

        <motility>
          <speed units="micron/min">0.0</speed>
          <persistence_time units="min">0.0</persistence_time>
          <migration_bias units="dimensionless">0.0</migration_bias>
          <options>
            <enabled>false</enabled>
            <use_2D>true</use_2D>
            <chemotaxis>
              <enabled>false</enabled>
              <substrate>chemokine</substrate>
              <direction>1</direction>
            </chemotaxis>
            <advanced_chemotaxis>
              <enabled>false</enabled>
              <normalize_each_gradient>false</normalize_each_gradient>
              <chemotactic_sensitivities>
                <chemotactic_sensitivity substrate="virus">0.0</chemotactic_sensitivity>
                <chemotactic_sensitivity substrate="chemokine">0.0</chemotactic_sensitivity>
                </chemotactic_sensitivities>
              </advanced_chemotaxis>
          </options>
        </motility>

        <secretion>
          <substrate name="virus">
            <secretion_rate units="1/min">0.0</secretion_rate>
            <secretion_target units="substrate density">1.0</secretion_target>
            <uptake_rate units="1/min">0.0</uptake_rate>
            <net_export_rate units="total substrate/min">0.0</net_export_rate>
          </substrate>
          <substrate name="chemokine">
            <secretion_rate units="1/min">0.0</secretion_rate>
            <secretion_target units="substrate density">1.0</secretion_target>
            <uptake_rate units="1/min">0.0</uptake_rate>
            <net_export_rate units="total substrate/min">0.0</net_export_rate>
          </substrate>
          </secretion>

        <cell_interactions>
          <dead_phagocytosis_rate units="1/min">0.0</dead_phagocytosis_rate>
          <live_phagocytosis_rates>
              <phagocytosis_rate name="default" units="1/min">0.0</phagocytosis_rate>
              <phagocytosis_rate name="cancer" units="1/min">0.0</phagocytosis_rate>
              <phagocytosis_rate name="th" units="1/min">0.0</phagocytosis_rate>
              <phagocytosis_rate name="ctl" units="1/min">0.0</phagocytosis_rate>
              <phagocytosis_rate name="stromal" units="1/min">0.0</phagocytosis_rate>
              </live_phagocytosis_rates>

          <attack_rates>
                <attack_rate name="default" units="1/min">0.0</attack_rate>
                <attack_rate name="cancer" units="1/min">0.0</attack_rate>
                <attack_rate name="th" units="1/min">0.0</attack_rate>
                <attack_rate name="ctl" units="1/min">0.0</attack_rate>
                <attack_rate name="stromal" units="1/min">0.0</attack_rate>
                </attack_rates>

          <damage_rate units="1/min">1.0</damage_rate>
          <fusion_rates>
                <fusion_rate name="default" units="1/min">0.0</fusion_rate>
                <fusion_rate name="cancer" units="1/min">0.0</fusion_rate>
                <fusion_rate name="th" units="1/min">0.0</fusion_rate>
                <fusion_rate name="ctl" units="1/min">0.0</fusion_rate>
                <fusion_rate name="stromal" units="1/min">0.0</fusion_rate>
                </fusion_rates>

        </cell_interactions>

        <cell_transformations>
          <transformation_rates>
              <transformation_rate name="default" units="1/min">0.0</transformation_rate>
              <transformation_rate name="cancer" units="1/min">0.0</transformation_rate>
              <transformation_rate name="th" units="1/min">0.0</transformation_rate>
              <transformation_rate name="ctl" units="1/min">0.0</transformation_rate>
              <transformation_rate name="stromal" units="1/min">0.0</transformation_rate>
              </transformation_rates>
          </cell_transformations>

        </phenotype>
      <custom_data>
        <sample units="" description="">1.0</sample>
      </custom_data>
    </cell_definition>

  </cell_definitions>

	<initial_conditions>
		<cell_positions type="csv" enabled="true">
			<folder>./config</folder>
			<filename>cells.csv</filename>
		</cell_positions>
	</initial_conditions>

	<user_parameters>
		<random_seed type="int" units="dimensionless" description="">0</random_seed>
    <A_frag type="double" units="mm^2" description="Total area of tumour slice">5.0644</A_frag>
    <alpha type="double" units="virions" description="Virus burst size">6600</alpha>
    <beta type="double" units="1/min" description="Tumour cell proliferation rate">0.000735</beta>
    <c_s type="double" units="micron/min" description="spring constant">0.01</c_s>
    <d_attach type="double" units="micron" description="CD8+ T to infected attach cell distance">50</d_attach>
    <delta_V type="double" units="1/min" description="release rate of virus">0.1466</delta_V>
    <epsilon type="double" units="micron" description="length of voxel">20</epsilon>
    <eta type="double" units="micron hour" description="velocity of proportionality">0.133</eta>
    <gamma type="double" units="1/min" description="virus replication rate">0.4886</gamma>
    <K_V type="double" units="micron^3" description="Tumour volume carrying capacity">158000000000000</K_V>
    <K_C type="double" units="cells" description="Tumour cell number carrying capacity">4760000</K_C>
    <m_half type="double" units="virions" description="infection threshold half-effect">10</m_half>
    <mu type="double" units="micron" description="Average patch radius">402</mu>
    <N_CD4 type="int" units="cells" description="Number of CD4 cells">39</N_CD4>
    <N_CD8 type="int" units="cells" description="Number of CD8 cells&#10;">22</N_CD8>
    <nu_star type="double" units="pg/min" description="Chemokine speed half-concentration">0.005</nu_star>
		<nu type="double" units="micron/min" descritption="base migration speed">4</nu>
    <p_max type="double" units="1/micron 1/min" description="Maximum proliferation pressure">5.99782</p_max>
    <nu_max type="double" units="micron/min" description="Maximum speed of CD8+ T cells&#10;">24.6</nu_max>
    <pbar_max type="double" units="dimensionless" description="Maximum proliferation simple pressure&#10;">219.79</pbar_max>
    <R type="double" units="micron" description="Radius of tumour slice&#10;">1269.7</R>
    <R_GBM type="double" units="micron" description="Radius of glioblastoma cell&#10;">10.8</R_GBM>
    <R_CD4 type="double" units="micron" description="Radius of a CD4+ T cell&#10;">3.6</R_CD4>
    <R_CD8 type="double" units="micron" description="Radius of a CD8+ T cell&#10;">3.6</R_CD8>
    <R_stromal type="double" units="micron" description="Radius of a stromal cell&#10;">7.5</R_stromal>
    <rho_star_virus type="double" units="amount/micron" description="Virus saturation concentration&#10;">268.51</rho_star_virus>
    <rho_star_chemokine type="double" units="amount/micron" description="Chemokine saturation concentration&#10;">5</rho_star_chemokine>
    <rho_max type="double" units="virions/micron^3" description="Maximum binding density&#10;">0.0125</rho_max>
    <sigma type="double" units="dimensionless" description="Standard deviation for patch radius">0.4742</sigma>
    <tau type="double" units="min" description="Attached time CD8+T cell to infected cell&#10;">50</tau>
    <u_g type="double" units="1/min 1/micron^3" description="Binding rate virus by glioblastoma cells&#10;">0.0020276</u_g>
    <u_s type="double" units="1/min 1/micron^3" description="Binding rate virus by stromal cells&#10;">0.01</u_s>
    <V_0 type="double" units="virions/micron^3" description="Initial concentration of virus&#10;">3.0248</V_0>
    <xhi type="double" units="cells/micron^3" description="Density of tumour slice&#10;">0.9398</xhi>
		<b_CD8 type="double" units="dimensionless" descritpion="CD8 migration bias">0.85</b_CD8>
		<TH_prolif_increase_due_to_stimulus type="double" units="dimensionless">100</TH_prolif_increase_due_to_stimulus>
		<CTL_prolif_increase_due_to_stimulus type="double" units="dimensionless">100</CTL_prolif_increase_due_to_stimulus>
  </user_parameters>

</PhysiCell_settings>
