-416.2632,-335.9474,0.0,2.0
-427.0952,-348.5238,0.0,2.0
-423.5625,-403.0625,0.0,2.0
-331.7667,-440.5,0.0,2.0
-427.95,-382.0,0.0,2.0
-373.3333,-385.2222,0.0,2.0
-404.5455,-418.4545,0.0,2.0
-374.1875,-393.9375,0.0,2.0
-405.0556,-325.6111,0.0,2.0
-342.9167,-314.0417,0.0,2.0
-351.1176,-440.4118,0.0,2.0
-339.4762,-472.1905,0.0,2.0
-414.9545,-419.0909,0.0,2.0
-435.6842,-395.1579,0.0,2.0
-345.0,-463.0476,0.0,2.0
-324.5455,-414.9091,0.0,2.0
-369.3333,-424.2381,0.0,2.0
-423.5,-321.5,0.0,2.0
-313.2857,-480.9048,0.0,2.0
-456.3529,-313.1765,0.0,4.0
-454.4286,-359.8571,0.0,2.0
-456.4762,-367.0952,0.0,2.0
-341.2667,-424.6667,0.0,2.0
-397.8095,-411.0,0.0,2.0
-415.3846,-399.4615,0.0,2.0
-403.3529,-426.8235,0.0,2.0
-348.0476,-451.3333,0.0,2.0
-395.5,-440.1429,0.0,2.0
-336.6087,-304.1304,0.0,2.0
-348.2381,-324.7143,0.0,2.0
-353.0,-399.5625,0.0,2.0
-397.4737,-433.3158,0.0,2.0
-357.0625,-445.1875,0.0,2.0
-482.0,-340.8571,0.0,4.0
-405.25,-399.3,0.0,2.0
-399.28,-347.84,0.0,2.0
-329.75,-391.05,0.0,2.0
-428.7083,-302.875,0.0,2.0
-330.4667,-432.9333,0.0,2.0
-345.92,-347.24,0.0,2.0
-358.4,-421.45,0.0,2.0
-450.087,-334.2609,0.0,2.0
-345.8571,-471.5,0.0,2.0
-369.0,-432.2857,0.0,2.0
-404.5333,-405.6667,0.0,2.0
-348.0625,-337.3125,0.0,2.0
-322.6471,-192.3529,0.0,2.0
-447.1,-270.05,0.0,2.0
-459.7692,-246.0,0.0,2.0
-441.7,-292.05,0.0,2.0
-437.6667,-214.1667,0.0,2.0
-409.6842,-193.1579,0.0,2.0
-321.4783,-207.8696,0.0,2.0
-317.4375,-174.125,0.0,2.0
-306.0741,-143.2222,0.0,2.0
-479.2632,-267.7895,0.0,2.0
-446.0,-139.6,0.0,2.0
-486.5556,-188.3889,0.0,4.0
-407.6,-182.75,0.0,2.0
-406.0435,-261.1739,0.0,2.0
-335.0714,-181.3571,0.0,2.0
-465.1538,-269.7308,0.0,2.0
-425.6667,-146.9333,0.0,2.0
-468.4762,-290.7143,0.0,2.0
-494.6316,-216.4211,0.0,2.0
-341.8,-164.9,0.0,2.0
-414.7391,-249.6522,0.0,2.0
-435.3333,-153.75,0.0,2.0
-483.95,-201.85,0.0,2.0
-352.9545,-277.7727,0.0,2.0
-429.7778,-282.2222,0.0,2.0
-435.375,-225.375,0.0,2.0
-404.0,-120.1176,0.0,2.0
-393.5714,-191.7143,0.0,2.0
-457.7778,-138.7778,0.0,2.0
-450.9412,-202.0,0.0,2.0
-431.9412,-106.0,0.0,2.0
-476.7222,-190.5,0.0,2.0
-353.2143,-175.8571,0.0,2.0
-497.6,-200.7333,0.0,2.0
-477.1538,-207.8462,0.0,2.0
-345.3529,-228.0,0.0,2.0
-407.8125,-277.25,0.0,2.0
-332.5789,-105.8421,0.0,2.0
-393.5,-184.5,0.0,2.0
-322.8421,-166.8947,0.0,2.0
-404.0909,-157.0,0.0,2.0
-413.35,-291.85,0.0,2.0
-419.7931,-128.4828,0.0,2.0
-421.1667,-138.2222,0.0,2.0
-491.7647,-204.1176,0.0,2.0
-456.8696,-22.4348,0.0,2.0
-460.5,-90.7273,0.0,2.0
-351.0,-73.4828,0.0,2.0
-406.6667,35.4762,0.0,2.0
-433.0625,56.3125,0.0,2.0
-407.04,-20.36,0.0,2.0
-493.4211,51.3684,0.0,2.0
-429.56,-22.72,0.0,2.0
-423.1875,-91.6875,0.0,2.0
-415.8125,83.0,0.0,2.0
-356.5652,-57.3913,0.0,2.0
-358.2381,19.9524,0.0,2.0
-410.0909,62.4545,0.0,2.0
-430.8421,84.6316,0.0,2.0
-415.2,49.7,0.0,2.0
-394.5909,-30.7273,0.0,2.0
-405.48,-40.12,0.0,2.0
-444.56,-0.56,0.0,2.0
-485.4706,52.0588,0.0,2.0
-489.3182,93.3182,0.0,2.0
-388.3077,-6.7692,0.0,2.0
-380.3125,-75.125,0.0,2.0
-460.3182,66.1818,0.0,2.0
-419.3889,93.0,0.0,2.0
-440.0,89.4783,0.0,2.0
-405.7368,-7.6842,0.0,2.0
-393.913,43.5217,0.0,2.0
-394.8125,11.8125,0.0,2.0
-402.4286,98.9286,0.0,2.0
-315.5,-89.45,0.0,2.0
-399.0,-50.0769,0.0,2.0
-331.0556,-24.0556,0.0,2.0
-407.9545,-62.9091,0.0,2.0
-459.4211,47.7895,0.0,2.0
-417.1765,18.2353,0.0,2.0
-399.3182,26.2273,0.0,2.0
-302.15,10.65,0.0,2.0
-439.1818,66.9091,0.0,2.0
-469.2174,97.6522,0.0,2.0
-410.625,-92.625,0.0,2.0
-369.1579,-10.1053,0.0,2.0
-387.6429,-60.5,0.0,2.0
-479.8,88.0,0.0,2.0
-361.0,74.0588,0.0,2.0
-313.6316,16.6842,0.0,2.0
-401.5294,-66.9412,0.0,2.0
-370.7143,-91.9286,0.0,2.0
-402.1176,74.9412,0.0,2.0
-306.7143,15.7143,0.0,2.0
-401.9524,15.5238,0.0,2.0
-374.2,-54.0,0.0,2.0
-345.8235,59.0588,0.0,2.0
-474.4,71.0,0.0,2.0
-323.1429,-87.9524,0.0,2.0
-438.5714,-67.5714,0.0,2.0
-302.1333,21.3333,0.0,2.0
-331.7222,-71.5,0.0,2.0
-337.9286,44.0714,0.0,2.0
-497.8571,90.0,0.0,2.0
-333.5882,18.8235,0.0,2.0
-497.8571,-11.7143,0.0,2.0
-322.8947,-1.5789,0.0,2.0
-332.0,253.0645,0.0,2.0
-432.0,270.6111,0.0,2.0
-405.85,207.8,0.0,2.0
-374.1765,262.5294,0.0,2.0
-413.9474,234.4211,0.0,2.0
-320.6842,144.6842,0.0,2.0
-455.7826,267.8261,0.0,2.0
-495.3214,152.8571,0.0,2.0
-471.9048,274.5714,0.0,2.0
-385.7,217.85,0.0,2.0
-416.7619,118.9048,0.0,2.0
-380.0,202.0,0.0,2.0
-482.875,204.1875,0.0,2.0
-416.4545,272.5909,0.0,2.0
-443.4211,142.8947,0.0,2.0
-435.6,238.05,0.0,2.0
-403.9231,150.3077,0.0,2.0
-460.0,253.8333,0.0,2.0
-468.5238,140.0,0.0,2.0
-452.0526,165.8421,0.0,2.0
-445.5263,286.9474,0.0,2.0
-339.7368,286.4211,0.0,2.0
-325.1304,246.1304,0.0,2.0
-461.5556,194.2778,0.0,2.0
-370.0,122.4706,0.0,2.0
-489.75,128.75,0.0,2.0
-446.2222,185.6111,0.0,2.0
-474.5,147.5769,0.0,2.0
-475.381,239.8571,0.0,2.0
-409.2222,128.6667,0.0,2.0
-478.9375,174.0,0.0,2.0
-452.913,130.9565,0.0,2.0
-491.5882,216.5882,0.0,2.0
-393.0,112.25,0.0,2.0
-364.0588,208.5882,0.0,2.0
-462.7222,265.0556,0.0,2.0
-466.7059,243.5294,0.0,2.0
-475.8571,210.4762,0.0,2.0
-404.5556,143.2222,0.0,2.0
-398.2353,152.7059,0.0,2.0
-354.9231,125.8846,0.0,2.0
-422.3846,245.8462,0.0,2.0
-401.8571,290.2857,0.0,2.0
-415.7391,223.1304,0.0,2.0
-465.0667,208.0,0.0,2.0
-407.0,168.4667,0.0,2.0
-351.619,166.2857,0.0,2.0
-411.1875,194.5,0.0,2.0
-363.5294,231.6471,0.0,2.0
-322.1429,274.619,0.0,2.0
-324.2353,109.4118,0.0,2.0
-462.3333,122.6667,0.0,2.0
-391.9444,146.8333,0.0,2.0
-343.0,129.7143,0.0,2.0
-387.8571,159.1429,0.0,2.0
-317.5714,174.6429,0.0,2.0
-346.1765,120.1176,0.0,2.0
-421.1,182.15,0.0,2.0
-463.7692,298.6154,0.0,2.0
-321.3158,451.6842,0.0,2.0
-388.1875,485.875,0.0,2.0
-496.0556,335.9444,0.0,2.0
-392.8,322.7,0.0,2.0
-486.087,307.6957,0.0,2.0
-358.4444,385.6111,0.0,2.0
-466.52,384.6,0.0,2.0
-320.2917,417.2083,0.0,2.0
-497.2778,311.7778,0.0,2.0
-424.8824,360.4706,0.0,2.0
-350.7368,444.8947,0.0,2.0
-387.7083,438.2917,0.0,2.0
-415.3478,321.8696,0.0,2.0
-452.64,365.2,0.0,2.0
-471.3684,403.8947,0.0,2.0
-423.6,396.8,0.0,2.0
-392.0294,455.3529,0.0,2.0
-478.7059,392.0588,0.0,2.0
-302.1,446.6,0.0,2.0
-440.5333,309.2667,0.0,2.0
-342.4444,372.2222,0.0,4.0
-426.6111,319.2222,0.0,2.0
-435.1739,360.5217,0.0,2.0
-473.1538,331.7308,0.0,2.0
-429.6111,427.6667,0.0,2.0
-314.6333,322.3333,0.0,2.0
-432.2143,453.0,0.0,2.0
-429.3529,438.9412,0.0,2.0
-417.4118,351.5882,0.0,2.0
-368.2381,454.6667,0.0,2.0
-468.0476,352.9048,0.0,2.0
-395.2941,430.8235,0.0,2.0
-314.8,361.85,0.0,2.0
-325.3871,491.5806,0.0,2.0
-460.05,346.5,0.0,2.0
-431.3158,345.5263,0.0,2.0
-356.3333,466.7222,0.0,2.0
-371.875,432.0,0.0,2.0
-441.9048,329.9048,0.0,2.0
-480.8667,359.2667,0.0,2.0
-323.0,316.8696,0.0,2.0
-314.4286,495.5,0.0,2.0
-437.5882,400.7059,0.0,2.0
-410.65,409.6,0.0,2.0
-350.0476,414.9524,0.0,2.0
-439.25,434.75,0.0,2.0
-449.4444,385.1111,0.0,2.0
-425.8235,375.7059,0.0,2.0
-362.4118,461.1176,0.0,2.0
-354.381,403.7619,0.0,2.0
-454.0,394.2857,0.0,2.0
-386.9444,316.2222,0.0,2.0
-422.6286,448.8571,0.0,2.0
-405.2857,483.5,0.0,2.0
-447.5714,347.7857,0.0,2.0
-346.4211,432.6316,0.0,2.0
-337.1176,367.6471,0.0,2.0
-303.5,391.1111,0.0,2.0
-402.8333,476.8333,0.0,2.0
-422.5294,347.3529,0.0,2.0
-451.4118,433.8235,0.0,2.0
-335.9333,450.3333,0.0,2.0
-364.0,397.2632,0.0,2.0
-491.2353,361.8235,0.0,2.0
-313.9286,427.9286,0.0,2.0
-419.4375,337.1875,0.0,2.0
-494.7727,370.8636,0.0,2.0
-419.8148,388.2963,0.0,2.0
-421.75,410.5,0.0,4.0
-375.2353,442.4118,0.0,2.0
-447.6667,439.6111,0.0,2.0
-130.0556,-473.7778,0.0,2.0
-224.1429,-435.5238,0.0,2.0
-139.6364,-360.3636,0.0,2.0
-241.8621,-404.6552,0.0,2.0
-117.7059,-393.8235,0.0,2.0
-250.0,-465.35,0.0,2.0
-159.0833,-340.1667,0.0,2.0
-265.0,-445.9474,0.0,2.0
-191.95,-423.0,0.0,2.0
-206.6667,-495.8,0.0,2.0
-215.3333,-496.9444,0.0,2.0
-112.7778,-497.0,0.0,2.0
-238.5714,-395.0476,0.0,2.0
-269.0,-467.4737,0.0,2.0
-197.1111,-414.3333,0.0,2.0
-189.7727,-449.8636,0.0,2.0
-207.3226,-365.1935,0.0,2.0
-194.9474,-369.5263,0.0,2.0
-201.2778,-439.9444,0.0,2.0
-216.8571,-443.1905,0.0,2.0
-229.2857,-331.381,0.0,2.0
-199.9375,-387.0625,0.0,2.0
-165.15,-404.4,0.0,2.0
-209.7368,-416.3158,0.0,2.0
-213.4444,-487.5,0.0,2.0
-196.0741,-395.1111,0.0,2.0
-183.697,-491.3939,0.0,2.0
-207.95,-405.25,0.0,2.0
-198.9474,-482.2632,0.0,2.0
-277.0,-424.1818,0.0,2.0
-260.6,-370.5,0.0,2.0
-232.48,-378.64,0.0,2.0
-128.96,-435.28,0.0,2.0
-188.619,-412.6667,0.0,2.0
-120.5,-478.65,0.0,2.0
-271.2353,-450.7647,0.0,2.0
-164.0,-303.2941,0.0,2.0
-145.9474,-497.0526,0.0,2.0
-199.8421,-404.8947,0.0,2.0
-158.9444,-497.2222,0.0,2.0
-247.8696,-387.7826,0.0,2.0
-201.5333,-374.6667,0.0,2.0
-248.8095,-476.9048,0.0,2.0
-146.0588,-301.6471,0.0,2.0
-282.08,-337.4,0.0,2.0
-147.3846,-350.0,0.0,2.0
-235.0952,-471.2381,0.0,2.0
-112.619,-483.5714,0.0,2.0
-177.3478,-409.8696,0.0,2.0
-177.6471,-400.6471,0.0,2.0
-226.6875,-342.625,0.0,2.0
-117.5333,-301.4,0.0,1.0
-188.35,-441.0,0.0,2.0
-157.1053,-411.7895,0.0,2.0
-247.0588,-445.2353,0.0,2.0
-204.5556,-448.9444,0.0,2.0
-164.3448,-444.3448,0.0,2.0
-152.9286,-447.2857,0.0,2.0
-198.4,-470.0,0.0,2.0
-149.9333,-416.2667,0.0,2.0
-118.1176,-422.8824,0.0,2.0
-184.0667,-404.4,0.0,2.0
-230.1579,-480.2105,0.0,2.0
-164.0476,-424.2857,0.0,2.0
-176.15,-120.5,0.0,4.0
-154.8824,-108.8824,0.0,2.0
-128.8485,-285.5152,0.0,4.0
-195.6875,-159.1875,0.0,2.0
-148.5,-282.5909,0.0,2.0
-230.7,-195.65,0.0,2.0
-149.84,-267.32,0.0,2.0
-148.1667,-216.6667,0.0,2.0
-226.9091,-119.2727,0.0,2.0
-111.1875,-242.125,0.0,2.0
-220.6111,-124.3333,0.0,2.0
-179.5833,-289.0,0.0,2.0
-128.0,-92.2632,0.0,2.0
-198.5455,-10.0,0.0,2.0
-266.2273,1.0455,0.0,2.0
-176.0,68.25,0.0,2.0
-195.6667,-55.7778,0.0,2.0
-172.125,-50.25,0.0,2.0
-237.8235,-22.0588,0.0,2.0
-239.8333,86.875,0.0,2.0
-272.9524,-26.5714,0.0,2.0
-225.0556,41.5556,0.0,2.0
-176.55,-40.85,0.0,2.0
-229.8824,-29.1176,0.0,2.0
-182.8125,-2.4375,0.0,2.0
-143.1818,69.7727,0.0,2.0
-102.92,57.52,0.0,2.0
-142.85,48.5,0.0,2.0
-236.6111,61.5556,0.0,2.0
-260.4706,83.5294,0.0,2.0
-215.7895,-15.2105,0.0,2.0
-204.8889,-3.7778,0.0,2.0
-103.8947,66.9474,0.0,2.0
-194.1667,-72.6667,0.0,2.0
-288.7222,92.8333,0.0,2.0
-263.4667,24.6,0.0,2.0
-117.4667,33.8,0.0,2.0
-152.5556,-6.3333,0.0,2.0
-275.8824,-16.2353,0.0,2.0
-116.5333,-33.0667,0.0,2.0
-160.375,14.625,0.0,2.0
-213.2941,6.4706,0.0,2.0
-290.1429,-2.2381,0.0,2.0
-188.4118,19.0,0.0,2.0
-110.3077,68.2308,0.0,2.0
-235.4074,34.7407,0.0,2.0
-280.9545,264.0909,0.0,2.0
-288.8571,179.5714,0.0,2.0
-271.7826,224.087,0.0,2.0
-152.381,162.8571,0.0,2.0
-219.4375,116.6875,0.0,2.0
-149.35,129.5,0.0,2.0
-274.7143,153.8095,0.0,2.0
-131.1579,219.1579,0.0,2.0
-167.2609,118.0,0.0,2.0
-153.7222,202.6111,0.0,2.0
-277.0625,286.8125,0.0,2.0
-106.2083,293.6667,0.0,2.0
-282.4,233.6667,0.0,2.0
-193.0625,160.125,0.0,2.0
-196.5882,280.0,0.0,2.0
-113.8824,176.8824,0.0,2.0
-118.5,200.1667,0.0,2.0
-176.9231,130.7308,0.0,2.0
-293.6667,275.6667,0.0,2.0
-279.7778,245.6667,0.0,2.0
-294.1538,219.3846,0.0,4.0
-160.2857,194.3571,0.0,2.0
-257.7083,114.6667,0.0,2.0
-182.7647,214.3529,0.0,2.0
-145.625,208.4375,0.0,2.0
-114.0,186.2941,0.0,2.0
-137.625,228.625,0.0,2.0
-239.3077,237.3077,0.0,2.0
-202.1739,185.2174,0.0,2.0
-218.5938,141.9375,0.0,2.0
-240.625,228.1875,0.0,2.0
-251.5,156.8462,0.0,2.0
-217.2632,226.1053,0.0,2.0
-224.0,228.6923,0.0,2.0
-179.6923,283.7692,0.0,2.0
-209.7143,202.7143,0.0,2.0
-202.6957,247.5217,0.0,2.0
-156.4375,245.8125,0.0,2.0
-264.8889,236.5,0.0,2.0
-259.129,150.2903,0.0,2.0
-216.5,190.75,0.0,2.0
-157.2353,180.0,0.0,2.0
-132.5833,252.5833,0.0,2.0
-114.8,361.8,0.0,2.0
-271.25,494.55,0.0,2.0
-194.35,387.7,0.0,2.0
-227.0,479.3913,0.0,2.0
-127.5417,365.5,0.0,2.0
-193.4737,470.0,0.0,2.0
-179.1579,496.7895,0.0,4.0
-284.4762,393.0952,0.0,2.0
-203.72,483.48,0.0,2.0
-224.1875,386.4375,0.0,2.0
-230.5,465.9444,0.0,2.0
-247.0625,413.125,0.0,2.0
-191.7391,317.4783,0.0,2.0
-214.3125,439.0,0.0,2.0
-153.1111,371.0,0.0,2.0
-258.9412,493.9412,0.0,2.0
-209.913,448.7391,0.0,2.0
-181.24,435.8,0.0,2.0
-262.4211,475.0526,0.0,2.0
-113.6667,328.5333,0.0,2.0
-230.0,419.3333,0.0,2.0
-150.5882,406.5882,0.0,2.0
-133.4167,443.1667,0.0,2.0
-228.1875,456.25,0.0,2.0
-142.2778,485.7222,0.0,2.0
-252.6429,495.1429,0.0,2.0
-218.15,445.85,0.0,2.0
-291.9524,393.5238,0.0,2.0
-242.9444,398.1111,0.0,2.0
-229.2083,436.4167,0.0,2.0
-139.1429,494.7143,0.0,4.0
-286.8235,490.7059,0.0,2.0
-220.2,421.9333,0.0,4.0
-270.0,460.0,0.0,2.0
-121.2,460.7,0.0,2.0
-291.1053,368.9474,0.0,2.0
-202.8947,496.3158,0.0,2.0
-167.9,466.7,0.0,2.0
-195.1667,380.5,0.0,2.0
-282.5625,424.5,0.0,2.0
-289.8571,452.0714,0.0,2.0
-277.3158,473.4737,0.0,2.0
-230.9524,342.1905,0.0,2.0
-222.2,325.2,0.0,2.0
-253.85,416.0,0.0,2.0
-236.8333,367.2083,0.0,2.0
-155.7333,445.8,0.0,2.0
-204.4211,473.2105,0.0,2.0
-237.8824,393.4118,0.0,2.0
-222.8824,452.3529,0.0,2.0
-168.5882,361.4706,0.0,2.0
-198.0,368.1875,0.0,2.0
-220.7727,410.0,0.0,2.0
-250.125,309.5,0.0,2.0
-133.1053,452.9474,0.0,2.0
-243.3889,323.1667,0.0,2.0
-222.5333,402.3333,0.0,2.0
-234.1176,425.6471,0.0,2.0
-187.7097,327.4839,0.0,2.0
-210.7083,461.875,0.0,2.0
-206.3158,409.2632,0.0,2.0
-213.4118,406.6471,0.0,2.0
-171.5,377.65,0.0,2.0
-135.6875,335.9375,0.0,2.0
-294.5,411.2727,0.0,2.0
-114.5,414.3125,0.0,2.0
-109.5882,403.4118,0.0,2.0
-191.2632,435.3158,0.0,2.0
-275.1429,348.4286,0.0,2.0
-265.8889,488.0556,0.0,2.0
-284.15,405.35,0.0,2.0
-117.3913,436.3043,0.0,2.0
-110.4,474.0,0.0,2.0
-137.8,307.5333,0.0,2.0
-158.1053,404.2105,0.0,2.0
-279.4286,450.2857,0.0,2.0
-158.9474,362.5263,0.0,2.0
-26.6562,-438.5938,0.0,2.0
-76.5185,-411.037,0.0,2.0
-13.5385,-470.0,0.0,2.0
55.2,-358.9,0.0,2.0
8.3529,-400.5294,0.0,2.0
-53.7619,-304.1905,0.0,2.0
-54.8696,-344.4783,0.0,2.0
-15.5217,-363.0435,0.0,2.0
91.8235,-383.7059,0.0,2.0
-23.3043,-369.3913,0.0,2.0
0.7143,-331.9048,0.0,2.0
-9.8636,-385.9091,0.0,2.0
14.2778,-442.2778,0.0,2.0
-13.8824,-487.6471,0.0,2.0
-77.1071,-460.2857,0.0,2.0
23.375,-407.0,0.0,2.0
56.8571,-351.1429,0.0,2.0
41.6471,-303.8235,0.0,2.0
11.0909,-408.1364,0.0,2.0
15.9444,-490.5556,0.0,2.0
-60.65,-313.75,0.0,2.0
35.7059,-410.7647,0.0,2.0
-52.4444,-488.1111,0.0,2.0
-91.4483,-458.1724,0.0,2.0
-84.1333,-353.8,0.0,3.0
82.4118,-411.7647,0.0,2.0
-86.4667,-362.0667,0.0,2.0
28.85,-303.15,0.0,2.0
75.4348,-489.5652,0.0,2.0
-26.6818,-465.4545,0.0,2.0
-67.7333,-451.8,0.0,2.0
50.4,-446.6667,0.0,2.0
-22.0,-355.1739,0.0,2.0
-41.9286,-333.6429,0.0,2.0
61.1304,-306.2609,0.0,2.0
-3.4211,-448.3684,0.0,2.0
23.3333,-362.6,0.0,2.0
82.0714,-400.6429,0.0,2.0
78.0,-438.8571,0.0,2.0
19.5,-414.875,0.0,2.0
-62.3125,-497.3125,0.0,2.0
40.2609,-430.3478,0.0,2.0
84.1667,-316.6667,0.0,2.0
2.5333,-302.0,0.0,2.0
14.4545,-497.6364,0.0,2.0
42.2917,-443.8333,0.0,2.0
0.9048,-390.9524,0.0,2.0
87.7073,-490.4878,0.0,2.0
-35.3529,-405.8235,0.0,2.0
-8.9444,-395.7778,0.0,2.0
81.8333,-420.2083,0.0,2.0
54.7059,-302.5882,0.0,2.0
34.0,-392.7692,0.0,2.0
-69.4783,-479.913,0.0,2.0
52.8125,-427.1875,0.0,2.0
36.96,-234.68,0.0,2.0
94.9474,-220.9474,0.0,2.0
-92.8947,-260.7895,0.0,2.0
-20.4583,-242.5,0.0,2.0
74.8095,-254.8571,0.0,2.0
5.75,-106.9583,0.0,2.0
-27.2188,-253.6562,0.0,2.0
12.4348,-115.4348,0.0,2.0
82.1875,-144.375,0.0,2.0
62.2,-202.65,0.0,2.0
81.1905,-206.1429,0.0,2.0
-91.125,-216.0625,0.0,2.0
68.5625,-177.4375,0.0,2.0
-19.7273,-104.7273,0.0,2.0
73.7368,-182.6316,0.0,2.0
-88.1,-288.2,0.0,2.0
-44.7333,-271.2,0.0,2.0
-87.3333,-277.2667,0.0,2.0
-15.7083,-229.5417,0.0,2.0
85.5714,-65.619,0.0,2.0
-1.8696,51.087,0.0,2.0
32.7727,-37.3182,0.0,2.0
57.8667,48.0667,0.0,2.0
0.4583,-74.0417,0.0,2.0
78.1765,-85.0588,0.0,2.0
-20.2727,-59.6364,0.0,2.0
6.2609,11.3043,0.0,2.0
-14.7273,-16.6818,0.0,2.0
21.5,31.5909,0.0,2.0
-8.0588,15.4706,0.0,2.0
48.7222,13.6667,0.0,4.0
-67.8125,7.1875,0.0,2.0
-65.875,-72.4167,0.0,2.0
74.4,-49.2667,0.0,2.0
43.5862,78.2414,0.0,2.0
-34.5,-33.6667,0.0,2.0
27.1905,-83.6667,0.0,2.0
0.0455,-89.0909,0.0,2.0
86.0,-45.1,0.0,2.0
-60.5294,84.2941,0.0,2.0
69.2632,-30.1579,0.0,2.0
6.95,82.75,0.0,2.0
-60.8,-56.8667,0.0,2.0
20.8889,-34.2222,0.0,2.0
1.4783,94.7391,0.0,2.0
-16.0,-64.3571,0.0,2.0
36.0625,-9.3125,0.0,2.0
-90.65,83.5,0.0,2.0
-67.3889,-54.4444,0.0,2.0
-47.4375,83.3125,0.0,2.0
-65.0556,-8.8333,0.0,2.0
-73.2414,-31.6207,0.0,2.0
16.3043,66.5217,0.0,2.0
-38.2,13.3333,0.0,2.0
74.7647,57.4118,0.0,2.0
-14.0526,-41.4211,0.0,2.0
-79.25,-11.7917,0.0,2.0
4.3889,59.5,0.0,2.0
76.1875,81.75,0.0,2.0
16.0,8.05,0.0,2.0
-77.6364,7.0,0.0,2.0
80.7143,260.6667,0.0,2.0
-84.2,247.8,0.0,2.0
0.35,236.65,0.0,2.0
-85.8696,150.6087,0.0,2.0
-85.0,135.7895,0.0,2.0
34.1765,122.0588,0.0,2.0
-48.3077,192.5385,0.0,2.0
-63.9565,129.913,0.0,2.0
70.6,172.2,0.0,2.0
58.2308,236.3077,0.0,2.0
39.8571,150.0476,0.0,2.0
-36.7222,244.6667,0.0,2.0
-13.6,120.4,0.0,2.0
60.5,227.2083,0.0,2.0
13.3333,275.2857,0.0,2.0
-58.48,201.88,0.0,2.0
-37.4286,193.7143,0.0,2.0
-46.7778,147.7778,0.0,2.0
23.2778,253.0556,0.0,2.0
-66.6364,115.6364,0.0,2.0
-7.25,160.5,0.0,4.0
-47.2174,256.1739,0.0,2.0
68.3529,277.0,0.0,2.0
19.0714,264.9286,0.0,2.0
-63.3333,171.8889,0.0,2.0
67.8571,249.5238,0.0,2.0
-28.1765,209.0,0.0,2.0
26.125,147.2083,0.0,2.0
97.3125,180.0,0.0,2.0
-39.4,278.52,0.0,2.0
-55.7895,255.8947,0.0,2.0
28.6111,245.5556,0.0,2.0
-80.5455,175.7273,0.0,2.0
-75.125,136.875,0.0,2.0
27.4194,202.5484,0.0,2.0
-21.5294,155.0588,0.0,2.0
88.5882,342.6471,0.0,4.0
-54.0588,425.8824,0.0,2.0
31.2059,335.0882,0.0,2.0
40.913,495.6957,0.0,2.0
-61.0,448.1852,0.0,2.0
4.2105,344.5789,0.0,2.0
10.6429,489.0357,0.0,2.0
47.0455,479.9091,0.0,2.0
-10.4091,330.3182,0.0,2.0
53.1,448.35,0.0,2.0
15.7391,427.3043,0.0,2.0
-28.4286,440.6667,0.0,2.0
-92.68,464.56,0.0,2.0
-12.303,446.4242,0.0,2.0
-12.4,468.8,0.0,2.0
57.9412,433.1765,0.0,2.0
-76.2667,325.8667,0.0,2.0
54.8095,407.4762,0.0,2.0
85.3636,465.8636,0.0,2.0
32.0,417.087,0.0,2.0
-1.64,474.0,0.0,2.0
-63.4348,321.3478,0.0,2.0
78.6818,430.5,0.0,2.0
-28.9615,478.1923,0.0,2.0
-88.1176,323.0588,0.0,2.0
11.5652,366.3478,0.0,2.0
9.7778,333.8333,0.0,2.0
46.1765,343.6471,0.0,4.0
-36.05,336.6,0.0,2.0
94.0,491.6667,0.0,2.0
11.0526,375.4737,0.0,2.0
-64.4118,480.7059,0.0,2.0
5.15,418.0,0.0,2.0
33.9412,463.6471,0.0,2.0
50.8235,370.6471,0.0,2.0
-10.0,493.3333,0.0,2.0
27.8889,455.3333,0.0,4.0
-42.0526,477.7368,0.0,2.0
-43.1579,470.0,0.0,2.0
-74.0,378.8,0.0,2.0
-34.5294,401.9412,0.0,2.0
5.2941,323.2941,0.0,2.0
64.4375,314.1875,0.0,2.0
-76.6842,496.4211,0.0,2.0
-90.0,384.2941,0.0,2.0
95.7333,385.7333,0.0,2.0
17.8571,456.9524,0.0,2.0
72.9,452.3,0.0,2.0
68.8667,474.5333,0.0,2.0
-86.7368,410.9474,0.0,2.0
-68.9333,419.6667,0.0,2.0
-30.6667,410.8095,0.0,2.0
98.4667,431.6667,0.0,2.0
63.7143,412.8571,0.0,2.0
-76.25,396.8,0.0,2.0
111.0417,-426.375,0.0,2.0
133.4706,-465.9412,0.0,2.0
224.6923,-429.0769,0.0,2.0
217.44,-342.36,0.0,2.0
119.6316,-361.0,0.0,2.0
131.0556,-409.1667,0.0,2.0
131.6316,-370.3158,0.0,2.0
226.2632,-485.7368,0.0,2.0
109.7619,-459.3333,0.0,2.0
197.3333,-421.2778,0.0,2.0
131.6364,-341.7273,0.0,2.0
211.5769,-435.3077,0.0,2.0
205.0,-457.4762,0.0,2.0
169.0,-399.25,0.0,4.0
228.8696,-471.8261,0.0,2.0
146.5833,-347.9583,0.0,2.0
105.1111,-408.7222,0.0,2.0
271.4444,-426.7222,0.0,2.0
205.3333,-384.7083,0.0,2.0
180.6,-420.35,0.0,2.0
230.15,-441.0,0.0,2.0
239.8261,-457.3478,0.0,2.0
167.2105,-302.5789,0.0,2.0
282.7778,-405.8333,0.0,2.0
205.8095,-393.7143,0.0,2.0
238.9286,-469.2143,0.0,2.0
196.25,-462.25,0.0,2.0
114.7647,-467.8824,0.0,2.0
226.4615,-365.6154,0.0,2.0
217.0,-481.8421,0.0,2.0
201.7619,-483.4286,0.0,2.0
113.125,-480.125,0.0,2.0
266.8421,-480.6842,0.0,2.0
281.3125,-453.75,0.0,2.0
107.65,-470.6,0.0,2.0
187.0,-349.8125,0.0,2.0
281.0588,-444.3529,0.0,2.0
109.4783,-402.5217,0.0,2.0
188.95,-406.8,0.0,2.0
206.1667,-447.6667,0.0,2.0
284.6818,-461.8182,0.0,2.0
179.4444,-467.6667,0.0,2.0
145.2727,-458.8182,0.0,2.0
195.3529,-452.1176,0.0,2.0
196.7879,-439.0606,0.0,2.0
159.1,-368.4,0.0,2.0
279.303,-491.0,0.0,2.0
188.7,-444.55,0.0,2.0
295.0,-387.1429,0.0,2.0
173.9412,-461.2941,0.0,2.0
166.2,-432.25,0.0,2.0
143.5714,-414.5238,0.0,2.0
145.8,-320.5,0.0,2.0
116.2778,-267.6667,0.0,2.0
204.0952,-196.4286,0.0,2.0
263.1739,-253.9565,0.0,2.0
176.3333,-202.8095,0.0,2.0
117.9444,-127.1667,0.0,2.0
296.0455,-293.7727,0.0,2.0
172.6471,-172.9412,0.0,2.0
252.1538,-251.3846,0.0,2.0
108.5,-133.5,0.0,2.0
125.381,-196.4286,0.0,2.0
284.5,-125.55,0.0,2.0
203.1154,-286.8077,0.0,2.0
227.4762,-206.9524,0.0,2.0
168.2941,-207.8824,0.0,2.0
131.3043,-106.8261,0.0,2.0
119.2857,-239.6667,0.0,2.0
282.1154,-268.4231,0.0,2.0
188.5263,-274.6316,0.0,2.0
298.8889,-224.1111,0.0,2.0
208.05,-185.0,0.0,2.0
191.1667,-255.375,0.0,2.0
248.5625,-154.1875,0.0,2.0
188.0,-159.8824,0.0,2.0
229.45,-139.25,0.0,2.0
112.4667,-152.6,0.0,2.0
157.6667,-172.4,0.0,2.0
108.4,-238.35,0.0,2.0
256.2857,-260.8571,0.0,2.0
229.2222,-232.2778,0.0,2.0
178.4783,-269.913,0.0,2.0
296.4118,-129.0,0.0,2.0
222.6667,-102.5714,0.0,2.0
228.9412,-190.5882,0.0,2.0
269.65,-201.35,0.0,2.0
260.8421,-132.8421,0.0,2.0
161.3333,-183.8667,0.0,2.0
251.6667,-235.8571,0.0,2.0
258.55,-229.4,0.0,2.0
293.2,-102.6667,0.0,2.0
245.2727,-171.3182,0.0,2.0
265.75,-236.5,0.0,2.0
289.0,-198.4706,0.0,2.0
211.6667,-171.381,0.0,2.0
278.68,-186.8,0.0,2.0
213.1765,-118.1176,0.0,2.0
291.3529,-251.0,0.0,2.0
205.4211,-118.0,0.0,2.0
240.85,81.45,0.0,2.0
170.1176,-18.4118,0.0,4.0
248.2,26.85,0.0,2.0
266.1667,16.9583,0.0,2.0
155.5556,85.8333,0.0,4.0
168.3182,-62.4545,0.0,4.0
162.7895,-42.2105,0.0,4.0
139.3333,-4.9167,0.0,2.0
242.3182,60.7273,0.0,2.0
232.4706,-57.2353,0.0,2.0
131.1,23.9,0.0,2.0
185.9032,-10.2581,0.0,2.0
237.0526,-53.7895,0.0,2.0
265.0588,-8.1176,0.0,2.0
203.2083,-58.1667,0.0,2.0
207.1333,41.2,0.0,2.0
162.95,93.05,0.0,2.0
179.2,39.75,0.0,2.0
137.2381,2.1429,0.0,2.0
238.9375,-45.0625,0.0,2.0
127.9231,57.9231,0.0,2.0
200.3077,17.5385,0.0,2.0
114.7059,-78.3529,0.0,2.0
175.8824,87.7647,0.0,2.0
248.8889,-90.5,0.0,2.0
152.0,-53.95,0.0,2.0
167.2105,-29.4211,0.0,4.0
156.0,34.35,0.0,2.0
118.4571,85.7429,0.0,2.0
186.15,-58.1,0.0,2.0
195.5,-67.05,0.0,2.0
168.4783,0.3043,0.0,2.0
158.8889,45.3889,0.0,2.0
258.875,81.0,0.0,4.0
202.56,-33.52,0.0,2.0
257.3929,29.7143,0.0,2.0
243.3571,-12.2143,0.0,2.0
207.3529,-51.1176,0.0,2.0
129.0,78.25,0.0,2.0
272.9412,10.3529,0.0,2.0
286.1304,191.087,0.0,2.0
275.0952,189.0476,0.0,2.0
263.8,233.5333,0.0,2.0
284.4167,205.9167,0.0,2.0
272.9697,217.7576,0.0,2.0
204.6316,254.7895,0.0,2.0
246.12,149.64,0.0,2.0
240.7,199.65,0.0,2.0
239.8571,250.8095,0.0,2.0
200.0,173.5652,0.0,2.0
218.9,265.7,0.0,2.0
255.4444,203.5,0.0,2.0
251.3684,195.3684,0.0,2.0
183.8667,196.8667,0.0,2.0
189.7059,202.0,0.0,2.0
260.8571,259.6667,0.0,2.0
153.0476,111.7143,0.0,2.0
261.8095,187.8571,0.0,2.0
155.4783,222.6087,0.0,2.0
285.0,289.0625,0.0,2.0
223.7222,205.5556,0.0,2.0
179.3158,267.6316,0.0,2.0
277.6111,141.6667,0.0,2.0
203.8824,205.7647,0.0,2.0
108.5294,110.3529,0.0,2.0
232.9,126.6,0.0,2.0
297.5625,192.4375,0.0,2.0
165.3333,182.3889,0.0,2.0
236.7222,180.1111,0.0,2.0
202.0,228.087,0.0,2.0
206.4615,296.5385,0.0,2.0
217.5455,217.8182,0.0,2.0
107.5556,167.0,0.0,2.0
169.0909,241.4545,0.0,2.0
123.5714,217.0714,0.0,2.0
215.95,114.1,0.0,2.0
157.68,262.0,0.0,2.0
121.05,199.6,0.0,2.0
191.6667,278.7778,0.0,2.0
214.5882,272.8235,0.0,2.0
116.8,215.2667,0.0,2.0
294.4167,419.9583,0.0,2.0
194.1667,462.1667,0.0,2.0
184.5,489.85,0.0,2.0
217.4737,486.4737,0.0,2.0
202.25,483.2917,0.0,2.0
174.4762,487.9524,0.0,2.0
146.75,364.1667,0.0,2.0
201.5556,495.3889,0.0,2.0
110.2381,446.1905,0.0,2.0
177.875,449.3125,0.0,2.0
205.1176,416.8824,0.0,2.0
235.8889,495.6111,0.0,2.0
181.1364,383.0909,0.0,2.0
269.125,316.625,0.0,2.0
143.7222,442.2778,0.0,2.0
167.6818,377.0909,0.0,2.0
124.4118,413.9412,0.0,2.0
189.1429,307.3571,0.0,2.0
121.0526,326.8947,0.0,2.0
203.3333,425.0556,0.0,2.0
152.0357,390.1786,0.0,2.0
202.5238,331.381,0.0,2.0
131.4,407.2,0.0,2.0
216.619,406.8095,0.0,2.0
203.2381,316.7143,0.0,2.0
225.0,494.0,0.0,2.0
251.619,365.5238,0.0,2.0
191.3043,416.1739,0.0,2.0
249.9333,385.0667,0.0,2.0
197.1429,347.8095,0.0,2.0
144.0,412.0769,0.0,2.0
297.6316,358.5263,0.0,2.0
161.7778,395.1667,0.0,2.0
290.3846,358.2308,0.0,2.0
298.2353,307.1765,0.0,2.0
238.8667,307.8,0.0,2.0
399.4783,-396.8261,0.0,2.0
425.05,-405.1,0.0,2.0
461.76,-381.08,0.0,2.0
358.2105,-352.6316,0.0,2.0
444.25,-322.8125,0.0,2.0
307.95,-431.3,0.0,2.0
329.56,-324.44,0.0,2.0
461.4643,-454.5,0.0,2.0
438.7368,-453.6316,0.0,2.0
393.3043,-373.0,0.0,2.0
460.2609,-362.1739,0.0,2.0
452.3333,-482.7619,0.0,2.0
415.6429,-416.8214,0.0,2.0
407.6522,-330.2609,0.0,2.0
457.7273,-329.0,0.0,2.0
402.0,-475.8125,0.0,2.0
363.381,-472.1905,0.0,2.0
448.8929,-468.1071,0.0,2.0
456.3158,-444.7895,0.0,2.0
319.7143,-418.7143,0.0,2.0
404.7308,-341.7692,0.0,2.0
370.9333,-389.1333,0.0,2.0
377.6333,-332.3667,0.0,2.0
377.4286,-487.7857,0.0,2.0
390.0,-470.7222,0.0,2.0
472.5714,-404.2857,0.0,2.0
370.95,-480.6,0.0,2.0
480.9474,-412.6316,0.0,2.0
467.5,-346.75,0.0,2.0
411.5333,-447.7333,0.0,2.0
439.8,-482.8,0.0,2.0
446.8696,-388.0,0.0,2.0
451.0,-422.0526,0.0,2.0
306.7857,-375.5,0.0,2.0
343.8,-378.55,0.0,2.0
313.4667,-488.8,0.0,2.0
443.2353,-475.7059,0.0,2.0
481.0667,-453.7333,0.0,2.0
382.3077,-468.9231,0.0,2.0
484.4667,-387.4,0.0,2.0
460.5385,-476.6923,0.0,2.0
424.6875,-484.5,0.0,2.0
339.9,-441.85,0.0,2.0
462.1333,-343.7333,0.0,2.0
426.1818,-490.0909,0.0,2.0
394.1364,-482.1818,0.0,2.0
418.6875,-452.0625,0.0,2.0
488.8667,-405.5333,0.0,2.0
395.8,-410.8,0.0,2.0
428.5882,-496.0,0.0,2.0
463.0,-400.1538,0.0,2.0
347.8125,-454.75,0.0,2.0
408.7857,-412.6429,0.0,4.0
409.8571,-393.4286,0.0,2.0
388.1579,-206.0,0.0,2.0
411.6364,-151.9091,0.0,2.0
487.2273,-164.0,0.0,2.0
462.5,-244.45,0.0,2.0
398.1667,-166.5417,0.0,2.0
435.9091,-201.2727,0.0,2.0
404.381,-116.2381,0.0,2.0
399.1667,-203.7778,0.0,2.0
494.5333,-195.4667,0.0,2.0
418.2105,-132.8421,0.0,2.0
316.6111,-192.2222,0.0,2.0
443.6818,-191.7727,0.0,2.0
494.2414,-185.3448,0.0,2.0
476.0714,-130.2857,0.0,2.0
467.8636,-194.4091,0.0,2.0
359.1667,-204.2222,0.0,2.0
361.3846,-197.2308,0.0,2.0
471.0909,-282.9091,0.0,2.0
442.7857,-228.7857,0.0,2.0
479.7037,-227.5926,0.0,2.0
411.68,-178.96,0.0,2.0
428.5556,-277.5,0.0,2.0
477.6,-175.85,0.0,2.0
427.4211,-204.2632,0.0,2.0
458.6,-198.28,0.0,2.0
346.6,-213.84,0.0,2.0
359.0667,-272.0,0.0,4.0
410.1818,-212.9545,0.0,2.0
349.1905,-153.1429,0.0,2.0
315.6818,-215.8182,0.0,2.0
423.8947,-216.6842,0.0,2.0
334.1053,-241.7895,0.0,2.0
449.9474,-227.8947,0.0,2.0
441.8571,-287.4286,0.0,2.0
492.1667,-108.6667,0.0,2.0
407.6667,-277.7333,0.0,2.0
343.2941,-283.7059,0.0,4.0
457.2,-186.6,0.0,2.0
474.7647,-212.5882,0.0,2.0
386.2222,-244.8889,0.0,2.0
456.375,-267.1875,0.0,1.0
358.1667,-127.8333,0.0,2.0
324.1429,-163.3571,0.0,2.0
427.6875,-114.75,0.0,2.0
381.3636,-285.0909,0.0,2.0
357.4375,-142.0625,0.0,2.0
409.0526,-225.3684,0.0,2.0
476.8125,-152.75,0.0,2.0
469.6364,-236.2727,0.0,2.0
417.5652,-261.3913,0.0,2.0
481.6087,-191.0,0.0,2.0
491.8947,-9.0526,0.0,2.0
409.6842,75.5789,0.0,2.0
353.2105,58.2105,0.0,2.0
480.6842,30.1579,0.0,2.0
481.24,-21.56,0.0,2.0
438.95,-83.1,0.0,2.0
364.8824,-55.2941,0.0,2.0
447.4,-54.25,0.0,2.0
484.5652,-55.3478,0.0,2.0
329.5652,-75.7391,0.0,2.0
313.8,-0.3333,0.0,2.0
349.4286,-4.0476,0.0,2.0
321.5556,67.5556,0.0,2.0
406.6667,60.6,0.0,2.0
480.6842,-85.0,0.0,2.0
423.44,63.08,0.0,2.0
483.7143,20.5,0.0,2.0
374.4615,32.5385,0.0,2.0
379.3125,40.375,0.0,2.0
433.2273,6.2727,0.0,2.0
490.6111,13.5,0.0,2.0
451.0,89.9091,0.0,2.0
332.1333,10.0667,0.0,2.0
389.8,71.84,0.0,2.0
391.4783,-68.087,0.0,2.0
372.5,20.6111,0.0,2.0
430.9,-40.8,0.0,2.0
326.3158,3.1579,0.0,2.0
421.7368,26.9474,0.0,2.0
469.4737,60.3158,0.0,2.0
460.3158,48.7368,0.0,2.0
449.2,-85.08,0.0,2.0
468.2105,3.2632,0.0,2.0
456.8889,57.8889,0.0,2.0
470.9375,-13.9375,0.0,2.0
450.625,-40.75,0.0,2.0
358.9412,38.4118,0.0,2.0
445.3529,-0.8824,0.0,2.0
350.1818,32.1364,0.0,2.0
415.9565,81.3043,0.0,2.0
358.15,83.35,0.0,2.0
413.5263,-39.4211,0.0,2.0
355.2174,67.6957,0.0,2.0
468.7059,-4.7647,0.0,2.0
465.7037,-26.1852,0.0,2.0
337.9412,-32.5882,0.0,2.0
376.4444,-78.8333,0.0,2.0
318.2353,19.7059,0.0,2.0
461.2069,-49.931,0.0,2.0
352.0526,75.8947,0.0,2.0
398.6842,69.4211,0.0,2.0
421.5882,-36.1176,0.0,2.0
468.0,-42.037,0.0,2.0
440.85,17.55,0.0,2.0
337.9,9.5,0.0,2.0
474.0667,-73.6,0.0,2.0
474.7692,65.8462,0.0,1.0
323.4091,278.9091,0.0,2.0
358.0,282.6087,0.0,2.0
480.2632,185.2105,0.0,4.0
438.25,176.6667,0.0,4.0
309.2941,286.2353,0.0,2.0
332.6667,119.6111,0.0,2.0
334.6316,142.0,0.0,2.0
438.4444,201.7222,0.0,2.0
354.5294,168.0588,0.0,2.0
431.3182,127.2273,0.0,2.0
457.2667,259.6667,0.0,2.0
474.2353,155.9412,0.0,2.0
420.9231,187.1538,0.0,2.0
317.3529,293.8824,0.0,2.0
317.6471,209.1765,0.0,2.0
453.3529,236.4118,0.0,2.0
306.2,266.85,0.0,2.0
384.5556,197.4444,0.0,2.0
461.3889,233.5556,0.0,2.0
447.8889,251.5,0.0,2.0
458.9412,295.8235,0.0,2.0
374.5,198.65,0.0,2.0
361.8667,281.2,0.0,2.0
454.6111,215.2222,0.0,2.0
430.8261,275.5652,0.0,2.0
465.8333,139.5,0.0,2.0
413.75,205.9375,0.0,2.0
388.7895,163.8421,0.0,2.0
393.0,280.1429,0.0,2.0
318.6087,149.5217,0.0,2.0
284.8421,117.5789,0.0,2.0
427.4,212.2,0.0,2.0
316.85,118.35,0.0,2.0
409.3684,125.3158,0.0,2.0
459.4737,277.1579,0.0,2.0
416.9,238.0,0.0,2.0
400.1111,212.0556,0.0,2.0
350.7308,214.3846,0.0,2.0
483.25,216.85,0.0,2.0
416.1579,140.8421,0.0,2.0
335.0,263.5714,0.0,2.0
317.619,181.0476,0.0,2.0
472.7647,140.5882,0.0,2.0
388.1667,230.5,0.0,2.0
397.9444,137.5556,0.0,2.0
352.8182,202.6818,0.0,2.0
309.6842,193.2105,0.0,2.0
450.8,225.24,0.0,2.0
363.9474,147.9474,0.0,2.0
451.3889,167.8889,0.0,2.0
342.4,240.8,0.0,4.0
428.6471,218.8235,0.0,2.0
374.5769,256.1538,0.0,2.0
467.4348,231.3043,0.0,2.0
442.2143,126.3571,0.0,2.0
397.4211,162.8947,0.0,2.0
308.2143,258.7857,0.0,2.0
322.3636,221.2727,0.0,2.0
489.0667,160.1667,0.0,2.0
470.2105,203.5789,0.0,2.0
452.8095,395.4762,0.0,2.0
322.7391,425.6522,0.0,2.0
375.24,323.92,0.0,2.0
456.8421,311.7368,0.0,2.0
354.75,361.75,0.0,2.0
475.4706,427.6471,0.0,2.0
454.7273,409.2273,0.0,2.0
436.9,411.2,0.0,2.0
445.4545,453.5455,0.0,2.0
397.6842,475.4211,0.0,2.0
489.6923,477.6154,0.0,2.0
313.25,496.5625,0.0,2.0
473.9444,401.7222,0.0,2.0
484.1176,413.4118,0.0,2.0
340.5789,455.7368,0.0,2.0
447.7778,386.7222,0.0,2.0
420.1905,380.8571,0.0,2.0
352.0455,453.9091,0.0,2.0
455.55,456.65,0.0,2.0
402.4444,389.1667,0.0,2.0
339.3,464.65,0.0,2.0
333.8,442.2,0.0,2.0
493.12,455.4,0.0,2.0
489.8667,426.1333,0.0,2.0
414.0,434.2727,0.0,2.0
485.6087,306.6087,0.0,2.0
316.3158,487.0,0.0,2.0
401.92,330.48,0.0,2.0
483.4762,430.8095,0.0,2.0
455.75,464.5,0.0,2.0
314.7059,342.0,0.0,2.0
327.8947,434.0526,0.0,2.0
478.3571,407.7143,0.0,2.0
465.95,427.3,0.0,2.0
380.625,338.2917,0.0,2.0
410.4667,404.2,0.0,2.0
465.6842,318.1579,0.0,2.0
347.0,397.25,0.0,2.0
351.8667,384.9333,0.0,2.0
422.3889,340.6111,0.0,2.0
381.1765,318.0588,0.0,2.0
352.8235,490.5882,0.0,2.0
398.0625,467.125,0.0,2.0
488.8125,440.5625,0.0,2.0
396.2,486.1,0.0,2.0
417.55,308.55,0.0,2.0
478.0833,336.4167,0.0,2.0
440.8,437.3,0.0,2.0
210.5,434.0714,0.0,2.0
409.1667,310.6667,0.0,2.0
423.3333,320.381,0.0,2.0
435.1667,319.375,0.0,4.0
431.0,335.4,0.0,2.0
469.8261,356.3913,0.0,2.0
462.1364,489.5,0.0,2.0
401.5294,460.5294,0.0,2.0
416.0,400.7,0.0,2.0
410.8966,363.7586,0.0,2.0
395.1053,425.3158,0.0,2.0
448.7333,322.6667,0.0,2.0
487.5,365.5333,0.0,2.0
481.4667,359.7333,0.0,2.0
-245.2,-366.35,0.0,2.0
-271.3333,-331.381,0.0,2.0
-301.7619,-426.5714,0.0,2.0
-301.8333,-302.3333,0.0,2.0
-378.0,-419.7368,0.0,2.0
-292.75,-406.5,0.0,2.0
-298.56,-345.24,0.0,2.0
-340.3125,-410.8125,0.0,2.0
-311.8148,-393.8148,0.0,2.0
-366.1667,-415.5,0.0,2.0
-285.2941,-325.7059,0.0,2.0
-340.4444,-453.1667,0.0,2.0
-288.8333,-461.9583,0.0,2.0
-353.9,-367.6,0.0,2.0
-222.1333,-476.7333,0.0,2.0
-297.3636,-370.9091,0.0,2.0
-306.7143,-384.0,0.0,2.0
-219.7083,-367.25,0.0,2.0
-331.1739,-422.1739,0.0,2.0
-381.0769,-322.5769,0.0,2.0
-288.7917,-427.75,0.0,2.0
-305.3333,-472.0667,0.0,4.0
-275.0952,-389.9048,0.0,2.0
-293.7,-478.5,0.0,2.0
-359.6316,-353.1053,0.0,2.0
-299.0,-313.8571,0.0,2.0
-338.5882,-349.9412,0.0,2.0
-349.96,-418.24,0.0,2.0
-308.0,-421.0909,0.0,2.0
-222.1429,-497.9286,0.0,2.0
-389.9412,-336.2353,0.0,2.0
-220.0625,-428.875,0.0,2.0
-298.7692,-445.5769,0.0,2.0
-236.0,-497.0769,0.0,2.0
-250.375,-376.6875,0.0,2.0
-238.8462,-481.7692,0.0,2.0
-372.6842,-370.1579,0.0,2.0
-312.24,-430.24,0.0,2.0
-344.8889,-358.2778,0.0,2.0
-207.0417,-479.125,0.0,2.0
-367.04,-383.6,0.0,2.0
-254.9231,-476.2308,0.0,2.0
-354.7857,-293.8571,0.0,2.0
-387.0417,-153.7917,0.0,2.0
-273.25,-168.6,0.0,2.0
-325.6111,-108.9444,0.0,2.0
-331.7368,-202.4737,0.0,2.0
-345.75,-285.7,0.0,2.0
-359.55,-245.75,0.0,2.0
-343.3,-135.45,0.0,2.0
-296.6471,-110.3529,0.0,2.0
-220.5,-199.15,0.0,2.0
-210.1364,-140.2727,0.0,2.0
-236.2381,-139.0476,0.0,2.0
-321.5294,-150.1176,0.0,2.0
-202.6,-138.25,0.0,2.0
-362.7692,-260.8462,0.0,2.0
-299.25,-117.125,0.0,2.0
-309.5758,-115.8485,0.0,2.0
-360.9333,-169.0,0.0,2.0
-337.0,-155.1579,0.0,2.0
-389.2222,-274.1111,0.0,2.0
-202.0625,-152.9375,0.0,2.0
-359.9091,-106.7273,0.0,2.0
-227.4615,-130.0769,0.0,2.0
-322.7857,-101.2857,0.0,2.0
-366.9524,-254.8095,0.0,2.0
-371.2857,-263.5714,0.0,2.0
-229.1739,17.3478,0.0,2.0
-264.2,-53.3,0.0,2.0
-280.7419,32.2903,0.0,2.0
-274.6087,-78.9565,0.0,2.0
-310.9474,53.2105,0.0,2.0
-389.9474,55.8421,0.0,2.0
-348.9048,-13.9524,0.0,2.0
-213.9412,-78.4118,0.0,2.0
-245.05,25.2,0.0,2.0
-271.95,57.4,0.0,2.0
-308.625,6.375,0.0,2.0
-314.9412,-3.0588,0.0,2.0
-323.44,-62.24,0.0,2.0
-326.5909,19.0909,0.0,2.0
-268.05,84.35,0.0,2.0
-220.4444,74.3333,0.0,2.0
-306.2353,-14.9412,0.0,2.0
-273.3636,22.7273,0.0,2.0
-253.8125,-37.5625,0.0,4.0
-233.619,-41.2857,0.0,2.0
-204.1481,43.5185,0.0,2.0
-252.8824,63.2353,0.0,2.0
-227.6471,59.5882,0.0,2.0
-298.9444,50.1667,0.0,2.0
-231.0,-81.9524,0.0,2.0
-296.7,10.8,0.0,2.0
-359.6111,-38.2778,0.0,2.0
-366.1429,-48.5238,0.0,2.0
-291.4167,65.5,0.0,2.0
-352.5882,97.1176,0.0,2.0
-303.3333,-47.6667,0.0,2.0
-276.7778,-8.5556,0.0,2.0
-320.1538,4.0,0.0,2.0
-297.3333,-20.0,0.0,2.0
-373.4211,66.4211,0.0,2.0
-219.0,27.6364,0.0,2.0
-309.5714,22.2857,0.0,2.0
-325.7692,34.0,0.0,2.0
-267.5,41.0,0.0,2.0
-381.0625,-11.0,0.0,2.0
-340.15,51.95,0.0,2.0
-243.0667,-3.2,0.0,2.0
-290.1429,-78.2381,0.0,2.0
-280.5882,-1.2353,0.0,2.0
-242.125,181.3125,0.0,2.0
-248.15,192.2,0.0,2.0
-325.8696,133.2609,0.0,2.0
-321.35,119.7,0.0,2.0
-300.8824,139.0,0.0,2.0
-392.75,189.8125,0.0,2.0
-328.8667,295.0667,0.0,2.0
-393.0,206.4783,0.0,2.0
-337.9545,219.0,0.0,2.0
-294.8235,133.1765,0.0,4.0
-215.2,268.8,0.0,2.0
-311.5,116.0714,0.0,2.0
-259.125,216.9167,0.0,2.0
-299.2353,111.8235,0.0,2.0
-212.3333,109.2083,0.0,2.0
-308.1176,180.1765,0.0,2.0
-300.3571,294.6429,0.0,2.0
-298.375,235.125,0.0,2.0
-311.8667,196.2,0.0,2.0
-379.1304,147.0435,0.0,2.0
-322.4444,177.6667,0.0,2.0
-285.3125,240.375,0.0,2.0
-358.5417,109.0833,0.0,2.0
-247.2632,137.6842,0.0,2.0
-247.4118,202.8824,0.0,2.0
-372.45,219.05,0.0,2.0
-312.0,279.9565,0.0,2.0
-310.5789,250.0526,0.0,2.0
-202.4,280.6667,0.0,2.0
-362.9091,185.9091,0.0,2.0
-262.9412,205.4118,0.0,2.0
-358.8,174.6,0.0,2.0
-297.125,152.1875,0.0,2.0
-236.7059,153.7059,0.0,2.0
-388.7368,237.1579,0.0,2.0
-235.1875,118.0,0.0,2.0
-297.7619,118.0,0.0,2.0
-353.5333,291.6,0.0,2.0
-344.5333,233.3,0.0,2.0
-345.8824,291.8824,0.0,2.0
-278.55,164.35,0.0,2.0
-202.7619,110.5238,0.0,2.0
-312.5,287.7143,0.0,2.0
-294.6538,254.9231,0.0,2.0
-301.6296,227.5185,0.0,2.0
-315.7857,294.6429,0.0,2.0
-352.1667,139.7917,0.0,2.0
-212.7368,169.4211,0.0,2.0
-354.0,190.2812,0.0,2.0
-388.5556,289.8333,0.0,2.0
-344.3,178.25,0.0,2.0
-312.087,266.1304,0.0,2.0
-291.6087,268.6522,0.0,2.0
-319.0,254.0909,0.0,2.0
-310.3182,205.2273,0.0,2.0
-239.1667,125.8333,0.0,2.0
-389.05,141.95,0.0,2.0
-327.55,225.35,0.0,1.0
-355.9,214.5,0.0,2.0
-306.8889,190.2778,0.0,2.0
-231.5294,274.4118,0.0,2.0
-305.8333,124.0,0.0,2.0
-354.6,262.4,0.0,2.0
-225.5,163.5,0.0,2.0
-201.6,290.9,0.0,2.0
-339.3846,188.6923,0.0,2.0
-239.55,190.75,0.0,2.0
-393.7778,389.2222,0.0,2.0
-383.875,425.1875,0.0,2.0
-335.2778,324.2222,0.0,2.0
-244.7083,431.875,0.0,2.0
-309.7391,371.6522,0.0,2.0
-391.1905,475.9048,0.0,2.0
-341.0,336.5556,0.0,2.0
-244.1053,361.3158,0.0,2.0
-354.913,343.913,0.0,2.0
-216.4706,486.1176,0.0,2.0
-309.3889,437.1111,0.0,2.0
-216.6471,375.2941,0.0,2.0
-375.2632,480.5789,0.0,2.0
-362.5217,356.2174,0.0,2.0
-289.5625,433.3125,0.0,2.0
-321.2273,468.2727,0.0,2.0
-292.4,470.9,0.0,2.0
-309.1364,415.5455,0.0,2.0
-343.4286,487.1429,0.0,2.0
-387.125,396.9375,0.0,2.0
-242.7273,471.1818,0.0,2.0
-258.16,354.44,0.0,2.0
-302.0526,470.6316,0.0,2.0
-334.5556,309.2778,0.0,2.0
-344.9048,363.619,0.0,2.0
-297.2,325.7,0.0,2.0
-305.5238,351.0476,0.0,2.0
-229.1875,445.0625,0.0,2.0
-257.6429,322.3929,0.0,2.0
-264.5789,347.0,0.0,2.0
-316.0,488.2143,0.0,2.0
-280.5333,497.2667,0.0,2.0
-234.35,386.15,0.0,2.0
-267.7273,385.1818,0.0,2.0
-335.0,358.2,0.0,2.0
-234.0476,323.2857,0.0,2.0
-328.0,352.2381,0.0,2.0
-339.0952,495.1905,0.0,2.0
-376.5,362.8333,0.0,2.0
-208.45,421.85,0.0,2.0
-333.7188,422.9375,0.0,2.0
-281.6667,415.1905,0.0,2.0
-355.625,420.0,0.0,2.0
-278.4545,306.0,0.0,2.0
-327.5238,458.0952,0.0,2.0
-241.9524,335.0,0.0,2.0
-365.7273,405.7273,0.0,2.0
-272.35,440.6,0.0,2.0
-390.375,331.75,0.0,2.0
-213.2632,480.3158,0.0,2.0
-249.2353,336.2941,0.0,2.0
-237.8824,483.8235,0.0,2.0
-260.8421,384.0526,0.0,2.0
-244.7143,348.2857,0.0,2.0
-256.4545,309.6818,0.0,2.0
-204.1765,456.5294,0.0,2.0
-272.1364,482.0909,0.0,2.0
-301.2105,416.5263,0.0,2.0
-377.0952,352.6667,0.0,2.0
-300.7857,315.8571,0.0,2.0
-311.0588,447.1765,0.0,2.0
-297.5455,383.2273,0.0,2.0
-201.5714,405.3571,0.0,2.0
-310.9,463.5,0.0,2.0
-223.0,315.5652,0.0,2.0
-43.7059,-425.5882,0.0,4.0
-116.7778,-327.5556,0.0,2.0
-123.75,-490.2,0.0,2.0
-138.0,-493.7727,0.0,2.0
-91.0,-485.0455,0.0,2.0
-108.2174,-406.1304,0.0,2.0
-130.0833,-350.7083,0.0,2.0
-36.1111,-461.8333,0.0,2.0
-127.381,-365.1429,0.0,2.0
-99.0952,-480.0476,0.0,2.0
-5.1579,-473.2105,0.0,2.0
-97.381,-328.8095,0.0,2.0
-36.25,-477.75,0.0,2.0
-85.4737,-340.3684,0.0,3.0
-157.8636,-487.7273,0.0,2.0
-65.1304,-414.4783,0.0,2.0
-91.7083,-437.25,0.0,2.0
-11.875,-341.1875,0.0,2.0
-38.4643,-397.75,0.0,4.0
-20.0833,-476.5833,0.0,2.0
-125.0,-459.6316,0.0,2.0
-102.8421,-334.6842,0.0,2.0
-105.0909,-454.4545,0.0,2.0
-165.5263,-313.4737,0.0,2.0
-35.1579,-338.4737,0.0,2.0
-96.3043,-317.2609,0.0,2.0
-151.2,-341.52,0.0,2.0
-143.5,-320.5,0.0,2.0
-117.1154,-403.0385,0.0,2.0
-106.8846,-467.0769,0.0,2.0
-135.15,-458.5,0.0,2.0
-176.95,-438.0,0.0,2.0
-129.9048,-447.8095,0.0,2.0
-150.9412,-455.1176,0.0,2.0
-188.9524,-434.381,0.0,2.0
-1.5,-300.8,0.0,2.0
-62.9333,-425.3333,0.0,2.0
-123.5882,-377.8235,0.0,2.0
-54.5263,-234.1579,0.0,2.0
-158.0,-198.0588,0.0,2.0
-136.0909,-103.5,0.0,2.0
-105.2917,-225.2083,0.0,2.0
-174.1429,-281.8929,0.0,2.0
-102.0,-278.9643,0.0,2.0
-37.6429,-249.5714,0.0,2.0
-67.0556,-266.8889,0.0,2.0
-138.3125,-195.5625,0.0,2.0
-136.9231,-228.0385,0.0,2.0
-130.3462,-217.7308,0.0,2.0
-153.1034,-238.069,0.0,2.0
-114.6316,-216.2105,0.0,2.0
-64.0714,-275.5,0.0,2.0
-144.88,-231.4,0.0,2.0
-97.8333,-251.3889,0.0,2.0
-100.8824,-241.4118,0.0,2.0
-82.6364,-245.4545,0.0,2.0
-74.5667,61.0667,0.0,2.0
-103.2941,-52.9412,0.0,4.0
-49.2381,-34.5714,0.0,2.0
-87.6471,64.9412,0.0,2.0
-19.0455,88.0455,0.0,2.0
-116.0556,40.2222,0.0,2.0
-129.75,67.25,0.0,2.0
-94.0,52.48,0.0,2.0
-127.0588,-76.9412,0.0,2.0
-104.0,15.5333,0.0,2.0
-75.0909,-53.5455,0.0,2.0
-140.5185,-73.2963,0.0,2.0
-166.5789,-7.5263,0.0,2.0
-161.15,-23.25,0.0,2.0
-78.9355,80.0645,0.0,2.0
-159.619,85.8095,0.0,2.0
-111.625,3.1875,0.0,2.0
-43.3529,95.6471,0.0,2.0
-31.6364,-78.9091,0.0,2.0
-96.619,-9.9524,0.0,2.0
-112.2759,59.9655,0.0,2.0
-60.375,32.5,0.0,2.0
-168.3333,73.6667,0.0,4.0
-128.8333,46.1111,0.0,2.0
-92.7895,42.3684,0.0,2.0
-63.1765,-0.7059,0.0,2.0
-135.2778,0.4444,0.0,2.0
-179.8824,-19.4118,0.0,2.0
-139.7647,97.8235,0.0,2.0
-120.7308,7.0,0.0,2.0
-146.1429,-2.0476,0.0,2.0
-79.5238,-20.9048,0.0,2.0
-190.5789,-48.3684,0.0,2.0
-120.8667,83.4667,0.0,2.0
-187.3125,9.0,0.0,2.0
-119.3333,48.5556,0.0,2.0
-49.8889,-14.2222,0.0,2.0
-8.4286,71.7857,0.0,2.0
-93.75,91.4167,0.0,2.0
-117.3333,-53.5,0.0,2.0
-98.875,22.8125,0.0,2.0
-126.5556,52.5556,0.0,2.0
-112.2667,-27.0,0.0,2.0
-11.1579,53.7368,0.0,2.0
-12.1,174.2,0.0,4.0
-56.6,188.4,0.0,2.0
-69.6111,107.9444,0.0,2.0
-18.6,130.8667,0.0,2.0
-59.8824,162.9412,0.0,2.0
-150.4211,241.0,0.0,2.0
-137.15,240.3,0.0,2.0
-97.4737,125.2632,0.0,2.0
-11.85,285.55,0.0,2.0
-169.8421,148.8947,0.0,2.0
-38.88,114.28,0.0,2.0
-30.7619,167.0,0.0,2.0
-189.9048,113.3333,0.0,2.0
-129.3333,188.2667,0.0,2.0
-74.45,245.3,0.0,2.0
-158.6667,214.1667,0.0,2.0
-92.3462,205.0,0.0,2.0
-139.0435,152.087,0.0,2.0
-117.4444,158.9444,0.0,2.0
-190.5714,121.0714,0.0,2.0
-73.9524,207.381,0.0,2.0
-139.3889,201.1111,0.0,2.0
-97.3684,292.7368,0.0,2.0
-30.2333,143.8,0.0,2.0
-31.9167,183.7917,0.0,2.0
-92.5,158.8125,0.0,2.0
-172.5263,180.1579,0.0,2.0
-161.9545,168.5,0.0,2.0
-96.1667,113.5556,0.0,2.0
-172.0,230.4,0.0,2.0
-105.2609,159.913,0.0,2.0
-77.381,269.381,0.0,2.0
-37.1111,148.7778,0.0,2.0
-128.1818,123.6364,0.0,2.0
-113.25,296.0,0.0,2.0
-104.6087,279.3478,0.0,2.0
-32.2857,257.5,0.0,2.0
-73.1429,162.9286,0.0,2.0
-70.5333,296.8667,0.0,2.0
-40.2,265.4,0.0,2.0
-41.0385,178.4615,0.0,2.0
-100.2727,236.8636,0.0,2.0
-129.9565,141.1739,0.0,2.0
-166.875,209.875,0.0,2.0
-17.2,233.7,0.0,2.0
-129.8889,232.3333,0.0,2.0
-121.45,401.5,0.0,2.0
-20.5909,492.4545,0.0,2.0
-3.3125,354.4375,0.0,2.0
-94.8,445.75,0.0,2.0
-179.625,343.0625,0.0,1.0
-36.9565,490.7391,0.0,2.0
-42.7895,386.2632,0.0,2.0
-137.7778,357.7222,0.0,2.0
-186.3043,488.3478,0.0,2.0
-170.3333,408.375,0.0,2.0
-78.85,355.3,0.0,2.0
-75.65,457.85,0.0,2.0
-180.55,328.35,0.0,2.0
-133.9412,383.3529,0.0,2.0
-117.12,473.04,0.0,2.0
-162.3077,427.3846,0.0,2.0
-97.6471,387.2941,0.0,2.0
-151.3571,331.7857,0.0,2.0
-123.4783,446.0435,0.0,2.0
-82.6818,313.3636,0.0,2.0
-96.0,411.55,0.0,2.0
-97.6667,320.2857,0.0,2.0
-129.8235,392.1176,0.0,2.0
-94.7647,347.2353,0.0,4.0
-43.4706,305.2941,0.0,2.0
-153.0714,338.0714,0.0,2.0
-63.6667,417.4286,0.0,2.0
-69.4667,452.4,0.0,2.0
-103.3478,356.3913,0.0,2.0
-98.8846,492.8077,0.0,2.0
-133.2,460.6,0.0,2.0
-84.5769,365.5,0.0,2.0
-16.8,460.0667,0.0,2.0
-170.7619,401.8571,0.0,2.0
-105.2,315.3,0.0,2.0
-115.3529,382.1765,0.0,2.0
-7.65,418.8,0.0,2.0
-91.4667,363.1333,0.0,2.0
-40.9167,408.9167,0.0,2.0
-141.0,316.8235,0.0,2.0
-22.8947,368.8947,0.0,2.0
-158.6,327.7,0.0,2.0
-54.7391,372.1304,0.0,2.0
-105.7857,323.4286,0.0,2.0
-9.0,483.2857,0.0,2.0
-161.2727,414.4545,0.0,2.0
-77.1818,341.9091,0.0,2.0
-1.8,486.4,0.0,2.0
-39.7143,333.5,0.0,2.0
128.4211,-431.6842,0.0,2.0
39.64,-361.16,0.0,2.0
194.2632,-338.5789,0.0,2.0
167.8636,-496.5,0.0,2.0
195.8,-360.65,0.0,2.0
65.4,-388.15,0.0,2.0
159.5294,-343.4118,0.0,2.0
34.5294,-370.8824,0.0,2.0
125.1429,-492.4286,0.0,2.0
69.0,-476.5714,0.0,2.0
183.7222,-481.7222,0.0,4.0
37.3889,-398.2778,0.0,2.0
164.7368,-468.1579,0.0,2.0
121.0,-396.6957,0.0,2.0
175.2692,-433.6154,0.0,2.0
78.9412,-461.0588,0.0,2.0
37.2,-310.3,0.0,2.0
47.2857,-392.3571,0.0,2.0
148.037,-443.2593,0.0,2.0
188.2353,-429.2353,0.0,2.0
119.95,-404.7,0.0,2.0
18.9643,-465.5,0.0,2.0
183.1176,-458.5294,0.0,2.0
138.9444,-377.2222,0.0,2.0
189.0,-318.6471,0.0,2.0
42.25,-480.3125,0.0,2.0
29.1,-354.75,0.0,2.0
92.8,-420.1,0.0,2.0
174.6538,-353.9231,0.0,2.0
176.9167,-487.8333,0.0,2.0
141.72,-403.4,0.0,2.0
98.2143,-401.6429,0.0,2.0
75.5333,-451.8667,0.0,2.0
139.3043,-450.8696,0.0,2.0
45.4348,-431.4348,0.0,2.0
157.9565,-435.2609,0.0,2.0
17.4667,-474.0,0.0,2.0
72.55,-442.5,0.0,2.0
23.0,-471.8824,0.0,2.0
141.0417,-328.7917,0.0,2.0
28.8667,-345.2667,0.0,2.0
13.6087,-236.9565,0.0,2.0
153.8,-144.4,0.0,2.0
101.2083,-276.6667,0.0,2.0
57.2083,-254.5833,0.0,2.0
58.2105,-179.7368,0.0,2.0
97.5625,-207.5625,0.0,2.0
102.6957,-258.8696,0.0,2.0
101.5,-198.5833,0.0,2.0
63.5625,-293.25,0.0,2.0
128.125,-209.625,0.0,2.0
61.6316,-193.9474,0.0,2.0
151.8421,-171.0,0.0,2.0
102.8,-154.0,0.0,2.0
194.96,-147.2,0.0,2.0
196.5263,-116.1579,0.0,2.0
167.8235,-123.9412,0.0,2.0
109.0556,-202.7778,0.0,2.0
80.84,-250.44,0.0,2.0
103.6471,-179.4706,0.0,4.0
143.0,-212.3333,0.0,2.0
80.0,-190.1429,0.0,2.0
64.3043,-249.0435,0.0,2.0
175.125,-118.5,0.0,2.0
76.6667,-138.0556,0.0,2.0
77.4375,-175.1875,0.0,2.0
64.36,-114.2,0.0,2.0
118.45,-184.35,0.0,2.0
69.1875,-194.5,0.0,2.0
92.2609,-251.8261,0.0,2.0
100.0769,-147.1538,0.0,2.0
87.04,-230.76,0.0,2.0
99.381,-134.381,0.0,2.0
165.0769,-114.0769,0.0,2.0
87.0625,-203.25,0.0,2.0
86.3571,-187.7857,0.0,2.0
162.9474,-130.1579,0.0,2.0
41.0714,43.4286,0.0,2.0
92.75,-24.2,0.0,2.0
98.4762,-77.0,0.0,4.0
136.65,-16.9,0.0,2.0
112.7,-51.15,0.0,2.0
9.6154,42.0385,0.0,2.0
98.1481,51.5556,0.0,2.0
98.7,2.8,0.0,2.0
8.8235,-54.0,0.0,2.0
15.1111,52.2222,0.0,2.0
99.65,-35.65,0.0,2.0
94.7059,14.6471,0.0,2.0
44.6842,1.0526,0.0,2.0
103.8095,-56.619,0.0,2.0
91.75,-89.5,0.0,2.0
184.2105,1.0,0.0,2.0
108.5455,42.8636,0.0,2.0
121.9524,40.6667,0.0,2.0
146.4211,-57.0526,0.0,2.0
73.5556,3.7222,0.0,2.0
101.8077,-9.1154,0.0,2.0
26.0,53.5263,0.0,2.0
15.0833,-6.875,0.0,2.0
159.7586,9.5862,0.0,2.0
67.9444,-55.8889,0.0,2.0
138.0,74.3684,0.0,2.0
114.2069,-30.3103,0.0,2.0
63.0476,-68.6667,0.0,2.0
140.2857,59.4762,0.0,2.0
174.2778,55.2222,0.0,2.0
15.5417,-83.375,0.0,2.0
49.0,-48.3182,0.0,2.0
139.375,19.4167,0.0,2.0
94.8462,23.1538,0.0,2.0
80.0,-22.8824,0.0,2.0
108.6471,24.7059,0.0,2.0
7.6667,33.5333,0.0,2.0
86.5,22.6875,0.0,2.0
44.4667,24.4,0.0,4.0
13.9231,31.5385,0.0,2.0
89.0,65.1765,0.0,2.0
61.4783,-3.1304,0.0,2.0
131.4667,33.3333,0.0,2.0
101.6286,32.9714,0.0,2.0
77.7647,-10.9412,0.0,2.0
184.5,-73.4286,0.0,2.0
70.8261,32.6522,0.0,2.0
17.8333,-40.1111,0.0,2.0
194.3704,-23.3333,0.0,2.0
180.4545,-55.5455,0.0,2.0
144.9333,-64.2,0.0,2.0
172.4091,45.7273,0.0,2.0
91.7619,87.2857,0.0,2.0
22.963,75.5926,0.0,2.0
74.8333,-63.25,0.0,2.0
84.4783,-54.6957,0.0,2.0
154.2778,41.6667,0.0,2.0
105.6522,87.2174,0.0,2.0
69.6,107.45,0.0,2.0
80.6296,171.963,0.0,2.0
56.1154,156.1154,0.0,2.0
81.1379,270.931,0.0,2.0
96.5769,111.7308,0.0,2.0
129.6842,107.2632,0.0,2.0
26.2692,187.3846,0.0,2.0
33.7895,180.8421,0.0,2.0
138.0,110.087,0.0,2.0
127.35,281.7,0.0,2.0
91.4444,132.6667,0.0,2.0
76.0,117.875,0.0,2.0
94.75,143.4,0.0,2.0
179.6957,116.7391,0.0,2.0
38.8846,280.0,0.0,2.0
86.3182,236.5455,0.0,2.0
48.1579,150.3684,0.0,2.0
127.9231,235.6154,0.0,2.0
114.1111,206.0,0.0,2.0
196.7333,246.1333,0.0,2.0
96.0476,274.0,0.0,2.0
57.6364,132.0909,0.0,2.0
172.6,152.76,0.0,2.0
154.8,123.05,0.0,2.0
141.1818,181.5,0.0,2.0
169.3913,109.913,0.0,2.0
115.7368,154.1579,0.0,2.0
125.3333,182.2778,0.0,2.0
130.2941,250.2941,0.0,2.0
95.7143,165.1905,0.0,2.0
102.381,260.0952,0.0,2.0
83.8261,122.0435,0.0,2.0
96.7619,203.3333,0.0,2.0
9.4286,177.0714,0.0,2.0
187.4706,297.1765,0.0,2.0
76.4375,164.25,0.0,2.0
50.3846,298.0,0.0,4.0
74.8947,239.7895,0.0,2.0
85.9375,164.125,0.0,2.0
89.2105,111.2105,0.0,2.0
172.7083,172.375,0.0,2.0
133.8,178.05,0.0,2.0
105.0,175.0,0.0,2.0
91.5789,153.0526,0.0,2.0
106.2273,227.8636,0.0,2.0
43.4,196.1,0.0,2.0
196.125,115.5,0.0,2.0
140.7917,127.9583,0.0,2.0
94.2667,208.6,0.0,2.0
139.8261,162.3478,0.0,2.0
185.1667,219.3333,0.0,2.0
88.85,368.0,0.0,2.0
64.7826,466.6522,0.0,2.0
136.1053,448.7895,0.0,2.0
104.6667,468.0833,0.0,2.0
69.7222,483.0,0.0,2.0
166.1765,481.5294,0.0,2.0
117.2632,406.1053,0.0,2.0
76.75,384.5625,0.0,2.0
45.5789,330.7895,0.0,4.0
93.4,328.85,0.0,2.0
109.0345,390.5172,0.0,2.0
24.5185,424.8519,0.0,2.0
58.7895,381.6842,0.0,2.0
176.0476,314.2381,0.0,2.0
113.25,456.35,0.0,2.0
53.3889,389.1111,0.0,2.0
8.45,388.1,0.0,2.0
97.4667,415.8,0.0,2.0
122.25,336.1875,0.0,2.0
71.5,377.3889,0.0,2.0
100.0,372.3125,0.0,2.0
80.85,323.45,0.0,2.0
21.4286,385.2857,0.0,2.0
52.7368,418.1579,0.0,2.0
107.5455,412.6818,0.0,2.0
11.15,471.2,0.0,2.0
82.875,412.0417,0.0,2.0
23.0,415.7727,0.0,2.0
173.5909,390.8182,0.0,2.0
103.7778,423.2222,0.0,2.0
102.8235,491.3529,0.0,4.0
19.2692,369.7308,0.0,2.0
15.75,312.6,0.0,2.0
193.9565,387.913,0.0,2.0
101.2727,497.3636,0.0,2.0
12.0,418.8125,0.0,2.0
56.2941,459.0,0.0,2.0
148.8,382.15,0.0,2.0
175.2941,465.4118,0.0,3.0
137.9048,373.8571,0.0,2.0
25.5238,490.3333,0.0,2.0
103.48,359.52,0.0,2.0
55.2143,369.2857,0.0,2.0
197.0,417.6667,0.0,2.0
20.8182,481.5,0.0,2.0
130.3684,420.8947,0.0,2.0
69.75,428.1,0.0,2.0
89.0,306.1429,0.0,2.0
179.6842,362.7895,0.0,2.0
187.2667,402.9333,0.0,2.0
44.5294,368.2353,0.0,2.0
149.9545,414.0455,0.0,2.0
136.5714,478.6667,0.0,2.0
125.3158,402.7368,0.0,2.0
5.8571,408.3571,0.0,2.0
95.3333,497.5,0.0,2.0
117.1818,482.2273,0.0,2.0
373.95,-442.05,0.0,2.0
341.9167,-458.9167,0.0,2.0
328.2,-435.8,0.0,2.0
257.3077,-365.9615,0.0,2.0
262.1053,-335.2105,0.0,2.0
326.2609,-496.6522,0.0,2.0
344.3846,-474.3846,0.0,2.0
294.4,-360.9,0.0,2.0
371.0952,-450.7619,0.0,2.0
349.9091,-489.6364,0.0,2.0
383.8947,-474.5263,0.0,2.0
300.3,-334.4667,0.0,2.0
351.7778,-474.8889,0.0,2.0
383.2353,-447.5882,0.0,2.0
246.5,-378.0909,0.0,2.0
313.9048,-437.9524,0.0,2.0
312.2222,-355.5556,0.0,2.0
340.3704,-304.8889,0.0,2.0
371.3529,-325.1765,0.0,2.0
277.6,-430.55,0.0,2.0
230.7059,-319.1765,0.0,2.0
352.7895,-463.0,0.0,2.0
305.5909,-450.0,0.0,2.0
237.6111,-463.5,0.0,2.0
246.8333,-432.3889,0.0,2.0
318.8889,-451.2778,0.0,2.0
272.2632,-365.4211,0.0,2.0
326.4706,-424.3529,0.0,2.0
337.3077,-354.8462,0.0,2.0
291.1875,-377.75,0.0,2.0
242.6,-441.36,0.0,2.0
237.05,-496.25,0.0,2.0
234.0455,-368.7273,0.0,2.0
217.6842,-436.6842,0.0,2.0
349.2941,-369.7647,0.0,2.0
300.7692,-303.1538,0.0,2.0
312.4194,-367.6452,0.0,2.0
270.7391,-375.3913,0.0,2.0
270.1,-496.0,0.0,2.0
226.8333,-451.6667,0.0,2.0
329.7778,-117.9444,0.0,2.0
274.6667,-215.6667,0.0,2.0
303.4762,-104.619,0.0,2.0
351.3,-122.8,0.0,2.0
207.9231,-136.0385,0.0,2.0
250.6129,-183.6774,0.0,2.0
307.4333,-120.3,0.0,2.0
385.0,-273.25,0.0,2.0
306.1,-239.35,0.0,2.0
227.1905,-180.4762,0.0,2.0
325.5,-200.7778,0.0,2.0
299.375,-248.8125,0.0,2.0
268.625,-150.1667,0.0,2.0
299.15,-195.5,0.0,2.0
264.5185,-189.5185,0.0,2.0
387.2778,-281.6111,0.0,2.0
254.8182,-220.5455,0.0,2.0
394.0,-196.7778,0.0,2.0
374.2143,-233.0,0.0,2.0
278.5238,-204.5714,0.0,2.0
242.6538,-194.9615,0.0,2.0
292.7778,-178.0556,0.0,2.0
235.6471,-232.1176,0.0,2.0
350.45,-108.0,0.0,2.0
223.5,-159.1111,0.0,2.0
354.7333,-115.0,0.0,2.0
300.4211,-184.3158,0.0,2.0
398.7619,-190.4286,0.0,2.0
287.25,-136.6875,0.0,2.0
336.5385,-205.2308,0.0,2.0
354.6667,-130.75,0.0,2.0
316.9545,-201.7727,0.0,2.0
348.9545,-230.0,0.0,2.0
299.0,-159.1579,0.0,2.0
245.8667,-225.6,0.0,2.0
303.5625,-142.6875,0.0,2.0
325.4706,-260.1765,0.0,2.0
346.2857,-205.6429,0.0,2.0
336.5556,-291.4444,0.0,2.0
328.3333,-275.4667,0.0,2.0
293.9615,-139.2308,0.0,2.0
323.2963,-224.1481,0.0,2.0
366.4737,-249.0526,0.0,2.0
344.9565,-57.7826,0.0,2.0
228.5882,-27.4706,0.0,2.0
304.6957,-53.2609,0.0,2.0
328.7059,-14.2941,0.0,2.0
353.0,-19.8947,0.0,2.0
216.2,-51.9333,0.0,2.0
371.6154,-4.5385,0.0,2.0
238.3125,50.25,0.0,2.0
209.9048,84.8095,0.0,2.0
254.3636,54.4545,0.0,2.0
338.8421,90.7895,0.0,2.0
393.8636,17.5,0.0,2.0
287.2917,-21.5,0.0,2.0
244.4706,43.6471,0.0,2.0
317.0526,-12.7368,0.0,2.0
220.2857,60.1429,0.0,2.0
227.0667,92.2667,0.0,2.0
249.2381,-32.1905,0.0,2.0
301.6364,-25.6364,0.0,2.0
298.5294,-4.3529,0.0,2.0
263.2941,59.8235,0.0,2.0
305.7,-11.45,0.0,2.0
313.9565,-62.1304,0.0,2.0
306.3,86.7,0.0,2.0
209.8889,-64.3333,0.0,2.0
279.9,7.8,0.0,2.0
228.5,80.5625,0.0,2.0
327.55,-44.1,0.0,2.0
315.1765,-69.2353,0.0,2.0
232.1,-11.3,0.0,2.0
271.4667,-77.9333,0.0,2.0
350.0,84.8667,0.0,2.0
253.5,74.0625,0.0,2.0
321.3846,58.5769,0.0,2.0
313.9545,51.1818,0.0,2.0
290.9167,27.8333,0.0,2.0
287.0,-0.7778,0.0,2.0
397.2,41.4,0.0,2.0
294.2,-58.3333,0.0,2.0
279.4,-60.25,0.0,2.0
302.5926,17.3333,0.0,2.0
340.8571,24.2857,0.0,2.0
303.7391,68.3043,0.0,2.0
258.125,-6.0,0.0,2.0
365.3333,89.0476,0.0,2.0
280.25,24.05,0.0,2.0
227.4737,45.4737,0.0,2.0
263.6,34.45,0.0,2.0
299.9,87.8,0.0,2.0
220.3529,49.5882,0.0,2.0
261.55,-14.1,0.0,2.0
300.5385,98.0,0.0,2.0
271.7692,32.2308,0.0,2.0
340.2778,286.7778,0.0,2.0
305.48,206.16,0.0,2.0
214.9474,250.4211,0.0,2.0
331.619,175.7143,0.0,2.0
338.7778,248.0,0.0,2.0
339.0,132.68,0.0,2.0
273.619,107.5238,0.0,2.0
233.2778,242.5556,0.0,2.0
303.5238,235.9524,0.0,2.0
312.3684,253.5263,0.0,2.0
272.0,128.6818,0.0,2.0
299.1579,184.2105,0.0,2.0
267.9375,143.6875,0.0,4.0
290.8235,231.2353,0.0,2.0
360.8889,238.5556,0.0,2.0
214.3529,237.6471,0.0,2.0
326.2632,251.5263,0.0,2.0
233.7368,169.0526,0.0,2.0
267.6087,160.5217,0.0,2.0
248.1765,187.0,0.0,2.0
383.8077,283.4615,0.0,2.0
244.55,160.95,0.0,2.0
379.7368,221.5789,0.0,2.0
301.2174,293.5217,0.0,2.0
232.0,145.6522,0.0,2.0
355.5217,181.1304,0.0,2.0
351.3684,129.0526,0.0,2.0
288.7308,137.0385,0.0,2.0
330.5263,289.3684,0.0,2.0
365.5294,197.2941,0.0,2.0
306.1818,244.8182,0.0,2.0
240.4762,110.8095,0.0,2.0
313.8125,111.9375,0.0,2.0
249.0357,265.8571,0.0,2.0
208.2105,243.5789,0.0,2.0
355.9333,274.2,0.0,2.0
210.1176,280.8824,0.0,2.0
378.7143,150.0,0.0,2.0
373.96,211.64,0.0,2.0
289.0,278.375,0.0,4.0
342.8824,216.2353,0.0,2.0
257.0,272.2,0.0,2.0
389.9375,189.25,0.0,2.0
372.6471,142.0588,0.0,2.0
390.0,123.8421,0.0,2.0
345.2857,226.5714,0.0,2.0
277.3913,230.5217,0.0,2.0
355.6,251.25,0.0,2.0
384.9412,176.1176,0.0,2.0
342.1739,483.9565,0.0,2.0
303.7826,439.5217,0.0,2.0
369.45,420.4,0.0,2.0
324.5806,352.7742,0.0,2.0
311.0455,330.2727,0.0,2.0
296.1905,488.7143,0.0,2.0
344.8667,370.5333,0.0,2.0
396.8571,364.619,0.0,2.0
380.2667,401.8,0.0,2.0
285.75,334.0,0.0,2.0
277.5263,429.4211,0.0,2.0
296.5938,371.1562,0.0,2.0
333.0526,470.3158,0.0,2.0
296.9444,318.7778,0.0,2.0
285.1053,413.8947,0.0,2.0
271.7273,368.1818,0.0,2.0
240.3636,363.9091,0.0,2.0
265.6875,487.0,0.0,2.0
312.75,398.0,0.0,2.0
210.04,365.04,0.0,2.0
212.8333,383.2778,0.0,2.0
234.6111,327.2778,0.0,2.0
297.4706,449.0588,0.0,2.0
350.1111,312.9444,0.0,2.0
377.5238,496.4286,0.0,2.0
225.0455,434.5455,0.0,2.0
209.0714,304.5714,0.0,2.0
310.625,308.625,0.0,2.0
232.0435,478.6957,0.0,2.0
333.7826,328.3043,0.0,2.0
292.7333,456.0667,0.0,2.0
350.8824,494.4706,0.0,4.0
397.2188,439.125,0.0,2.0
263.9655,330.5172,0.0,2.0
281.8696,380.5652,0.0,2.0
288.5789,391.8421,0.0,2.0
382.7778,421.1667,0.0,2.0
396.7619,317.2381,0.0,2.0
386.3571,396.8571,0.0,2.0
391.75,313.0,0.0,2.0
347.2222,305.7778,0.0,2.0
283.1765,359.7647,0.0,2.0
361.1,347.5,0.0,2.0
265.6,376.0,0.0,2.0
385.7368,324.5263,0.0,2.0
298.05,381.7,0.0,2.0
-305.7368,-269.0526,0.0,2.0
-451.65,-241.35,0.0,2.0
-319.3913,-309.1739,0.0,2.0
-435.0,-388.2727,0.0,2.0
-479.0,-292.8571,0.0,2.0
-457.0952,-380.619,0.0,2.0
-335.1579,-231.0,0.0,2.0
-404.6111,-305.8889,0.0,2.0
-492.55,-209.7,0.0,2.0
-445.1333,-206.7333,0.0,2.0
-322.4737,-339.3684,0.0,2.0
-438.1667,-284.6667,0.0,2.0
-453.7727,-276.8636,0.0,2.0
-353.76,-338.2,0.0,2.0
-322.3684,-300.1579,0.0,2.0
-371.8333,-308.0556,0.0,3.0
-307.3571,-298.8571,0.0,2.0
-448.0556,-254.8333,0.0,2.0
-449.0,-346.9333,0.0,2.0
-333.7143,-342.8571,0.0,2.0
-309.6111,-376.6111,0.0,2.0
-345.8571,-301.1429,0.0,2.0
-311.4348,-356.2174,0.0,2.0
-473.0,-333.9545,0.0,2.0
-328.4286,-208.9286,0.0,2.0
-418.75,-308.1667,0.0,2.0
-363.2381,-370.5238,0.0,2.0
-453.0,-339.4615,0.0,2.0
-400.1429,-314.2143,0.0,2.0
-485.6087,-261.6957,0.0,2.0
-473.7222,-299.0556,0.0,2.0
-385.4286,-284.5238,0.0,2.0
-387.0,-308.5769,0.0,2.0
-425.1818,-296.7273,0.0,2.0
-365.4286,-247.5,0.0,2.0
-312.5556,-337.1667,0.0,2.0
-456.7895,-267.0526,0.0,2.0
-311.9545,-367.5455,0.0,2.0
-337.7727,-81.0909,0.0,2.0
-479.875,-87.375,0.0,2.0
-344.5556,-179.7778,0.0,2.0
-430.875,-180.4375,0.0,2.0
-314.9048,-160.0,0.0,2.0
-450.4,-158.0667,0.0,2.0
-490.2143,-6.5714,0.0,2.0
-376.1,-87.45,0.0,2.0
-399.6111,-138.0,0.0,2.0
-417.7692,-7.0,0.0,2.0
-391.7727,-135.4091,0.0,2.0
-396.9375,-77.125,0.0,2.0
-379.2857,-26.2381,0.0,2.0
-421.2,-47.25,0.0,1.0
-369.0417,-32.625,0.0,2.0
-411.6,-174.2,0.0,2.0
-403.6667,-146.7778,0.0,2.0
-309.1765,-106.6471,0.0,2.0
-402.0333,-95.0667,0.0,2.0
-421.9583,-177.25,0.0,2.0
-409.2778,-124.0556,0.0,2.0
-426.25,-117.15,0.0,2.0
-402.5882,-175.1176,0.0,2.0
-421.3333,-1.9524,0.0,2.0
-425.2308,-99.0769,0.0,4.0
-364.0,-93.8571,0.0,2.0
-354.5,-96.5,0.0,2.0
-380.2222,-82.8333,0.0,2.0
-435.1905,-168.619,0.0,2.0
-414.2778,-57.0556,0.0,2.0
-348.5,-22.1818,0.0,2.0
-327.8,-162.05,0.0,2.0
-326.0,-179.7391,0.0,2.0
-327.0455,-77.6364,0.0,2.0
-443.4348,-179.5652,0.0,2.0
-470.6667,-92.6667,0.0,2.0
-442.5,-33.4231,0.0,2.0
-355.75,-1.0,0.0,2.0
-304.0,88.6818,0.0,2.0
-471.5294,197.1765,0.0,2.0
-369.85,99.65,0.0,2.0
-434.7778,153.7778,0.0,2.0
-425.84,12.32,0.0,2.0
-347.9412,10.7059,0.0,2.0
-382.0556,59.1111,0.0,2.0
-361.9524,157.4286,0.0,2.0
-427.4783,189.0,0.0,2.0
-442.6111,168.6667,0.0,2.0
-405.375,188.0,0.0,2.0
-444.4545,25.0455,0.0,2.0
-422.6875,45.25,0.0,2.0
-401.7059,179.7647,0.0,2.0
-371.375,78.4583,0.0,2.0
-406.125,121.375,0.0,2.0
-434.8333,98.2083,0.0,2.0
-332.0,189.0476,0.0,2.0
-475.7,109.6,0.0,2.0
-383.04,170.72,0.0,2.0
-414.7273,163.8182,0.0,2.0
-424.8421,76.4737,0.0,2.0
-446.3846,153.5,0.0,2.0
-312.7692,107.3846,0.0,2.0
-335.2381,124.5714,0.0,2.0
-449.0,52.381,0.0,2.0
-390.5,198.3333,0.0,2.0
-431.8333,72.1111,0.0,2.0
-390.9091,67.7273,0.0,2.0
-486.2353,185.6471,0.0,2.0
-465.8261,112.1739,0.0,2.0
-434.6667,118.9048,0.0,2.0
-417.1667,108.7778,0.0,2.0
-393.6154,135.6923,0.0,2.0
-341.64,72.76,0.0,2.0
-400.0,165.8571,0.0,2.0
-463.5294,28.6471,0.0,2.0
-413.6667,136.4762,0.0,2.0
-352.5,31.5,0.0,2.0
-457.5385,189.9231,0.0,2.0
-465.2941,75.7059,0.0,2.0
-464.4286,103.8571,0.0,2.0
-331.9375,12.1875,0.0,2.0
-344.6364,42.1364,0.0,2.0
-476.7143,129.7143,0.0,2.0
-382.3529,155.0588,0.0,2.0
-478.5385,74.8462,0.0,2.0
-422.2222,191.8889,0.0,2.0
-350.3704,377.5926,0.0,2.0
-465.3158,396.8421,0.0,2.0
-343.3636,263.8182,0.0,2.0
-483.4286,250.8095,0.0,2.0
-382.913,282.6522,0.0,2.0
-409.65,289.95,0.0,2.0
-351.84,311.52,0.0,2.0
-490.8889,355.4444,0.0,2.0
-348.1364,249.5455,0.0,2.0
-317.5789,336.4737,0.0,2.0
-367.9545,291.5455,0.0,2.0
-394.8571,284.9048,0.0,2.0
-411.1905,336.6667,0.0,2.0
-496.1667,348.5,0.0,2.0
-457.3462,317.0385,0.0,2.0
-458.8148,280.8519,0.0,2.0
-458.0,356.7895,0.0,2.0
-492.3182,292.7273,0.0,2.0
-430.9375,281.5625,0.0,2.0
-476.5294,306.5294,0.0,2.0
-432.3529,309.8824,0.0,4.0
-321.619,285.4286,0.0,2.0
-466.6818,287.5909,0.0,2.0
-386.3929,343.5,0.0,2.0
-475.6111,377.3889,0.0,2.0
-442.9412,389.2941,0.0,2.0
-432.5556,324.0,0.0,2.0
-367.5714,272.2143,0.0,2.0
-407.375,310.25,0.0,2.0
-489.7059,208.8235,0.0,2.0
-473.1818,224.9394,0.0,2.0
-468.5385,302.4231,0.0,2.0
-384.0476,255.2381,0.0,2.0
-452.9412,327.6471,0.0,2.0
-369.45,255.45,0.0,2.0
-353.3571,397.8571,0.0,2.0
-483.2857,367.1429,0.0,2.0
-492.0625,244.4375,0.0,2.0
-309.0667,230.6,0.0,2.0
-384.9048,361.6667,0.0,2.0
-308.2222,338.8889,0.0,2.0
-390.3,261.75,0.0,2.0
-482.9545,296.3182,0.0,2.0
-473.3529,323.6471,0.0,2.0
-424.3333,235.0,0.0,2.0
-462.0556,327.1111,0.0,2.0
-400.4583,335.75,0.0,2.0
-332.4762,274.7619,0.0,2.0
-464.5,235.8125,0.0,2.0
-329.4545,364.6364,0.0,2.0
-392.7917,246.4167,0.0,2.0
-408.0588,371.4118,0.0,2.0
-331.2222,345.3889,0.0,2.0
-395.6316,294.1579,0.0,2.0
-375.0714,235.1429,0.0,2.0
-432.9565,393.1304,0.0,2.0
-368.0,375.6667,0.0,2.0
-426.4706,331.1765,0.0,2.0
-323.0,214.5,0.0,1.0
-356.1875,222.9375,0.0,2.0
-368.6471,280.0,0.0,2.0
-320.2381,373.5238,0.0,2.0
-429.7333,367.3333,0.0,2.0
-363.7333,223.4,0.0,2.0
-434.0556,260.3333,0.0,2.0
-309.8125,257.6875,0.0,2.0
-488.8824,238.2941,0.0,2.0
-373.6897,323.0,0.0,2.0
-399.3214,305.8929,0.0,2.0
-141.7619,-380.7619,0.0,2.0
-174.9545,-225.8182,0.0,2.0
-106.2941,-307.3529,0.0,2.0
-283.7059,-380.2353,0.0,2.0
-281.381,-279.9524,0.0,2.0
-125.04,-258.52,0.0,2.0
-110.8889,-365.7222,0.0,2.0
-182.2381,-307.619,0.0,2.0
-128.3462,-307.9615,0.0,4.0
-207.7,-391.4,0.0,2.0
-221.2353,-204.5882,0.0,2.0
-217.4,-350.4667,0.0,2.0
-218.0,-339.9333,0.0,2.0
-293.2917,-318.75,0.0,2.0
-188.8333,-302.2222,0.0,2.0
-180.7391,-297.1739,0.0,2.0
-167.2667,-251.8,0.0,2.0
-188.1667,-314.3889,0.0,2.0
-161.25,-249.125,0.0,2.0
-246.1053,-208.9474,0.0,2.0
-156.0,-300.1111,0.0,2.0
-211.9048,-352.8095,0.0,2.0
-223.88,-375.64,0.0,2.0
-156.4444,-202.7778,0.0,2.0
-161.6522,-282.0,0.0,2.0
-160.0588,-292.7059,0.0,2.0
-120.3333,-212.9444,0.0,2.0
-282.0556,-114.3889,0.0,2.0
-248.1786,-94.25,0.0,2.0
-222.381,-102.1429,0.0,2.0
-215.25,-93.125,0.0,3.0
-215.7368,-24.9474,0.0,2.0
-167.5217,-98.5217,0.0,2.0
-180.7778,-96.6111,0.0,2.0
-194.7895,-147.8421,0.0,2.0
-110.9333,-2.2,0.0,2.0
-248.6471,-17.7059,0.0,4.0
-267.5455,-71.8182,0.0,2.0
-243.4444,-10.7778,0.0,2.0
-291.0,-88.875,0.0,2.0
-160.5238,-88.381,0.0,2.0
-192.25,-3.0,0.0,2.0
-224.2593,-37.3333,0.0,2.0
-116.0,-72.2667,0.0,2.0
-217.8333,-118.0556,0.0,2.0
-224.2414,-52.5517,0.0,2.0
-215.9444,-47.5,0.0,2.0
-174.8929,-88.7857,0.0,2.0
-113.8261,-19.8261,0.0,2.0
-194.1538,-139.2308,0.0,2.0
-282.9524,-32.0476,0.0,2.0
-284.3636,-38.9545,0.0,2.0
-289.28,-51.72,0.0,2.0
-169.8333,-1.0,0.0,2.0
-171.2381,138.3333,0.0,2.0
-205.2941,55.7059,0.0,2.0
-287.7273,124.4545,0.0,2.0
-182.6111,92.0556,0.0,2.0
-159.9444,107.1667,0.0,2.0
-280.9565,69.0,0.0,2.0
-219.7083,20.5,0.0,2.0
-201.9231,29.8462,0.0,2.0
-110.7727,91.3636,0.0,2.0
-102.1429,107.1905,0.0,2.0
-142.0556,11.7778,0.0,2.0
-211.55,30.2,0.0,2.0
-173.8333,100.875,0.0,2.0
-290.8,151.4667,0.0,2.0
-144.5455,150.7273,0.0,2.0
-274.4444,5.7778,0.0,2.0
-258.8889,102.6667,0.0,2.0
-132.1176,110.6471,0.0,2.0
-236.8636,104.4091,0.0,2.0
-292.4286,50.3571,0.0,2.0
-157.0,38.037,0.0,2.0
-200.5,20.4375,0.0,4.0
-218.25,198.3125,0.0,2.0
-161.8889,143.9444,0.0,2.0
-269.6667,30.0,0.0,2.0
-172.0,164.9583,0.0,2.0
-275.5333,131.6667,0.0,2.0
-226.7619,136.0952,0.0,2.0
-203.9444,155.8889,0.0,2.0
-249.4545,85.3182,0.0,2.0
-228.2857,104.2857,0.0,2.0
-148.1364,142.6364,0.0,2.0
-125.0,167.5,0.0,2.0
-188.2353,33.4118,0.0,2.0
-251.5217,123.8696,0.0,2.0
-194.4583,95.5833,0.0,2.0
-242.1429,96.5,0.0,2.0
-152.2174,14.6522,0.0,2.0
-274.3889,192.0,0.0,2.0
-131.1111,154.2778,0.0,2.0
-226.5263,111.6316,0.0,2.0
-245.3182,108.0909,0.0,2.0
-164.8,98.35,0.0,2.0
-127.375,9.9375,0.0,2.0
-241.75,45.875,0.0,2.0
-260.2941,93.1176,0.0,2.0
-211.7059,186.2941,0.0,2.0
-216.2941,98.8235,0.0,2.0
-247.2941,117.6471,0.0,2.0
-225.5217,153.5652,0.0,2.0
-184.9375,80.3125,0.0,2.0
-249.9091,98.5455,0.0,2.0
-191.3636,198.7273,0.0,2.0
-208.1667,94.2222,0.0,2.0
-224.2353,65.2941,0.0,2.0
-226.1667,198.3333,0.0,2.0
-231.6667,94.25,0.0,2.0
-251.8235,143.9412,0.0,2.0
-253.1,177.5,0.0,2.0
-222.1111,177.8889,0.0,2.0
-224.8378,95.1351,0.0,2.0
-161.3043,385.6522,0.0,2.0
-285.125,295.3125,0.0,2.0
-153.3,318.2,0.0,2.0
-145.4762,344.4762,0.0,2.0
-271.9412,256.0,0.0,2.0
-125.2778,304.7222,0.0,2.0
-118.5909,213.4091,0.0,2.0
-116.1765,269.6471,0.0,2.0
-241.6,244.9,0.0,2.0
-117.6364,309.4091,0.0,2.0
-231.5,236.0556,0.0,2.0
-164.75,329.3,0.0,2.0
-176.6667,385.3889,0.0,2.0
-178.5263,293.8421,0.0,2.0
-119.6,337.3,0.0,2.0
-133.9048,343.0476,0.0,2.0
-243.6364,293.4545,0.0,2.0
-143.4444,279.5,0.0,2.0
-187.2857,362.0952,0.0,2.0
-212.2778,347.4444,0.0,2.0
-220.9375,301.5,0.0,2.0
-267.5833,264.0417,0.0,2.0
-143.8095,359.4762,0.0,2.0
-272.88,396.0,0.0,2.0
-250.5333,210.4,0.0,2.0
-160.75,227.95,0.0,2.0
-168.2,240.3333,0.0,2.0
-138.6667,396.0952,0.0,2.0
-214.2174,326.913,0.0,2.0
-219.9259,278.3704,0.0,2.0
-183.913,381.1739,0.0,2.0
-230.0625,360.875,0.0,4.0
-228.5,285.8846,0.0,2.0
-261.1818,290.8636,0.0,2.0
-193.2778,290.1111,0.0,2.0
-155.6522,269.2174,0.0,2.0
-169.6957,271.087,0.0,2.0
-134.5455,271.9545,0.0,2.0
-141.5172,325.1724,0.0,2.0
-192.8667,252.8,0.0,2.0
-245.3571,213.9286,0.0,2.0
-291.9333,297.8,0.0,2.0
-178.8125,254.875,0.0,2.0
-170.0455,282.1364,0.0,2.0
-267.2857,362.5714,0.0,2.0
-205.75,297.9375,0.0,2.0
-292.381,354.0952,0.0,2.0
-254.2105,265.8947,0.0,2.0
-151.0769,250.8462,0.0,2.0
-178.4348,233.3478,0.0,2.0
-276.2632,296.7368,0.0,2.0
-281.1111,316.5556,0.0,2.0
-287.1429,284.0,0.0,2.0
-285.0667,345.8,0.0,2.0
-125.9286,380.2143,0.0,2.0
-246.9333,300.4667,0.0,2.0
-151.75,280.375,0.0,2.0
-272.4,371.7333,0.0,2.0
-145.7778,221.0,0.0,2.0
-266.8235,280.1765,0.0,2.0
-259.7368,337.5263,0.0,2.0
-284.65,327.45,0.0,2.0
-100.6667,270.6667,0.0,2.0
81.3684,-286.3684,0.0,2.0
-51.3,-367.45,0.0,2.0
-92.875,-368.5,0.0,2.0
-93.1905,-355.1905,0.0,2.0
-41.7647,-377.4118,0.0,2.0
35.8824,-385.9412,0.0,2.0
-36.6429,-267.1429,0.0,2.0
32.3684,-319.6842,0.0,2.0
-2.0714,-373.6429,0.0,2.0
16.875,-284.9583,0.0,3.0
-81.3704,-297.1852,0.0,2.0
-63.92,-330.16,0.0,2.0
15.6316,-332.8421,0.0,2.0
-10.2941,-330.9412,0.0,2.0
-51.7222,-318.2778,0.0,3.0
-36.8889,-309.1111,0.0,2.0
94.95,-242.2,0.0,2.0
-1.4091,-358.7273,0.0,2.0
9.9583,-312.2917,0.0,2.0
-24.4762,-305.3333,0.0,2.0
-31.4737,-243.2105,0.0,2.0
-2.3636,-252.9545,0.0,2.0
-77.0625,-306.6875,0.0,2.0
13.6,-371.7,0.0,2.0
96.7692,-315.6154,0.0,2.0
72.7143,-263.4286,0.0,2.0
22.1765,-310.4706,0.0,2.0
26.7647,-337.4118,0.0,2.0
77.5758,-300.4848,0.0,2.0
7.1304,-295.5652,0.0,2.0
-35.6364,-372.9545,0.0,2.0
-93.1,-297.05,0.0,2.0
-9.0833,-317.0,0.0,2.0
0.7647,-246.5294,0.0,2.0
50.2857,-173.0,0.0,2.0
-36.3636,-116.5909,0.0,2.0
11.9,-150.15,0.0,2.0
28.0,-115.25,0.0,2.0
14.75,-138.0417,0.0,2.0
-33.6,-103.0,0.0,2.0
72.3077,-188.8462,0.0,2.0
79.8,-29.65,0.0,2.0
-8.2692,-9.1923,0.0,2.0
-82.6875,-54.25,0.0,2.0
-72.375,-71.1667,0.0,2.0
-36.0588,-91.4118,0.0,2.0
-1.6667,-23.6667,0.0,2.0
54.8824,-100.1765,0.0,2.0
-69.8421,-42.5263,0.0,2.0
-84.5652,-26.9565,0.0,2.0
-76.1765,-3.5882,0.0,2.0
8.5,-77.3636,0.0,2.0
30.84,-63.0,0.0,2.0
47.0455,-80.5455,0.0,2.0
-11.5652,-28.4348,0.0,2.0
26.0455,-2.5,0.0,2.0
84.1053,-180.0,0.0,2.0
-7.0,-39.55,0.0,2.0
48.9565,-71.913,0.0,2.0
72.1429,-95.381,0.0,2.0
-27.8438,-111.875,0.0,2.0
6.5238,-87.1905,0.0,2.0
58.0625,-94.6875,0.0,2.0
33.0357,-132.3214,0.0,2.0
4.8421,119.2632,0.0,2.0
20.9333,117.4,0.0,2.0
-84.7407,119.6296,0.0,2.0
-43.0714,8.8571,0.0,2.0
-52.3333,8.2083,0.0,2.0
45.3333,110.6667,0.0,2.0
-0.7222,129.0,0.0,2.0
-19.0,106.6087,0.0,2.0
96.24,124.84,0.0,2.0
30.1667,38.6667,0.0,2.0
-85.4667,72.8,0.0,2.0
-87.0,44.1667,0.0,2.0
-17.4286,114.2857,0.0,2.0
38.15,158.85,0.0,2.0
-30.1304,87.4783,0.0,2.0
93.0952,36.0476,0.0,4.0
60.5556,97.7778,0.0,2.0
-58.6429,136.6429,0.0,2.0
-78.0476,155.8095,0.0,2.0
-11.0588,92.8824,0.0,2.0
-50.3043,171.6087,0.0,2.0
69.0,50.4783,0.0,2.0
-16.4667,43.2,0.0,2.0
34.3478,141.6522,0.0,2.0
-19.6429,172.9286,0.0,2.0
-42.7826,72.4783,0.0,2.0
-68.8636,18.0,0.0,2.0
-63.9474,39.8421,0.0,2.0
-44.5556,29.0,0.0,2.0
-9.0588,34.3529,0.0,2.0
61.76,85.92,0.0,2.0
67.1333,77.1333,0.0,2.0
42.6667,119.0667,0.0,2.0
84.4118,78.5294,0.0,2.0
-49.4,111.3333,0.0,2.0
-50.8889,120.1667,0.0,2.0
-13.3889,154.7778,0.0,2.0
17.0,13.8235,0.0,2.0
-35.3571,57.0,0.0,4.0
-48.6842,318.3158,0.0,2.0
-4.5,312.9545,0.0,2.0
50.85,213.25,0.0,2.0
-40.0476,237.8571,0.0,2.0
95.8095,297.8095,0.0,2.0
-9.4444,375.3333,0.0,2.0
45.2083,226.2917,0.0,2.0
19.6471,239.4706,0.0,2.0
-16.4783,314.8261,0.0,2.0
97.0,362.1739,0.0,2.0
-75.0,290.2353,0.0,2.0
54.7368,314.3684,0.0,4.0
-69.8,333.72,0.0,2.0
57.0,291.0476,0.0,4.0
64.8182,263.0,0.0,2.0
-16.6667,212.3889,0.0,2.0
36.3636,222.5,0.0,2.0
-59.3,304.0,0.0,2.0
7.2381,281.0,0.0,2.0
5.125,294.0625,0.0,2.0
-52.7917,395.0833,0.0,2.0
-42.8,346.32,0.0,2.0
57.25,263.0,0.0,2.0
74.76,288.24,0.0,2.0
24.25,286.5938,0.0,2.0
-67.4545,272.6364,0.0,2.0
-86.5,255.5714,0.0,2.0
-31.3684,274.5789,0.0,2.0
4.95,267.65,0.0,2.0
-0.9524,396.0476,0.0,2.0
29.88,392.0,0.0,2.0
-4.0476,289.9048,0.0,2.0
50.7692,253.5385,0.0,2.0
-67.8095,377.381,0.0,2.0
70.6818,395.9545,0.0,2.0
-67.9474,282.7368,0.0,2.0
48.1765,280.8235,0.0,2.0
38.3889,288.6667,0.0,2.0
-40.8519,355.0741,0.0,2.0
-66.0,210.45,0.0,2.0
94.7826,256.6087,0.0,2.0
36.8,374.4,0.0,2.0
30.1765,299.9412,0.0,2.0
33.35,310.4,0.0,2.0
-65.5625,263.875,0.0,2.0
11.913,323.1739,0.0,2.0
-77.2308,232.3462,0.0,2.0
218.08,-288.72,0.0,2.0
223.0952,-261.2381,0.0,2.0
205.6552,-306.2069,0.0,2.0
284.05,-384.1,0.0,2.0
286.25,-217.15,0.0,2.0
175.2174,-306.3478,0.0,2.0
133.6875,-284.3125,0.0,3.0
240.85,-367.0,0.0,2.0
114.2,-230.35,0.0,2.0
194.8636,-310.2727,0.0,2.0
143.9524,-299.2857,0.0,2.0
123.2,-315.88,0.0,2.0
183.2632,-279.7895,0.0,2.0
294.5238,-304.9048,0.0,2.0
130.8947,-293.1579,0.0,2.0
138.6111,-311.8889,0.0,2.0
231.8824,-214.6471,0.0,2.0
235.5,-311.5,0.0,2.0
146.4615,-333.6923,0.0,2.0
109.2308,-245.3077,0.0,2.0
230.0435,-298.6087,0.0,2.0
124.2143,-121.4286,0.0,2.0
188.3158,-182.2105,0.0,2.0
266.8889,-65.3333,0.0,2.0
239.5294,-36.1765,0.0,2.0
265.4737,-102.5263,0.0,2.0
127.0667,-166.8,0.0,2.0
127.85,-4.0,0.0,2.0
166.5,-105.7778,0.0,2.0
266.52,-125.36,0.0,2.0
278.5652,-114.087,0.0,2.0
159.0,-102.95,0.0,2.0
283.1538,-103.1538,0.0,2.0
217.55,-32.0,0.0,2.0
198.4211,-138.5789,0.0,2.0
175.0,-98.8519,0.0,2.0
149.5652,-34.4348,0.0,4.0
174.6154,-140.5,0.0,2.0
178.0,-126.1071,0.0,3.0
121.6111,-36.5,0.0,2.0
212.1579,-27.5789,0.0,4.0
192.8125,-75.25,0.0,2.0
140.9545,-99.1818,0.0,2.0
215.4545,-87.8636,0.0,2.0
286.9474,-171.3684,0.0,2.0
228.3846,-43.0769,0.0,2.0
171.375,-156.0417,0.0,2.0
260.1739,-143.913,0.0,2.0
241.2941,-129.2353,0.0,2.0
234.1667,-132.5,0.0,2.0
154.7222,-94.0,0.0,2.0
161.55,-4.5,0.0,2.0
135.7917,-69.7917,0.0,2.0
159.5294,-88.7647,0.0,2.0
288.8947,-92.8947,0.0,2.0
156.95,-48.6,0.0,4.0
240.6111,-118.6111,0.0,2.0
229.4286,-173.7619,0.0,2.0
218.3846,-124.5385,0.0,2.0
249.5294,-2.4706,0.0,2.0
248.4706,-124.0,0.0,2.0
242.3333,-186.0952,0.0,2.0
236.9375,-102.625,0.0,2.0
276.2778,-95.8889,0.0,2.0
184.2273,28.5455,0.0,2.0
172.2381,16.2381,0.0,2.0
165.2105,129.3158,0.0,2.0
183.6471,84.9412,0.0,2.0
123.44,168.4,0.0,2.0
293.0417,38.5833,0.0,2.0
256.087,86.2609,0.0,4.0
148.2857,28.0,0.0,2.0
115.0,124.913,0.0,2.0
181.3704,17.8148,0.0,2.0
115.3636,162.5909,0.0,2.0
258.7,131.9,0.0,2.0
168.5556,162.6667,0.0,2.0
258.6875,15.1875,0.0,2.0
196.0,132.7,0.0,2.0
165.45,25.95,0.0,2.0
215.6429,97.1429,0.0,2.0
147.7059,130.0,0.0,2.0
191.8261,88.8261,0.0,2.0
229.9583,191.6667,0.0,2.0
210.76,26.48,0.0,2.0
169.9545,86.6818,0.0,2.0
143.2083,190.7917,0.0,2.0
106.625,103.8333,0.0,2.0
133.2857,88.2857,0.0,2.0
202.0333,108.7333,0.0,2.0
152.6087,97.0,0.0,2.0
226.7273,51.5455,0.0,2.0
224.04,107.36,0.0,2.0
126.5385,154.2692,0.0,2.0
158.7143,108.7143,0.0,2.0
114.6,114.6,0.0,2.0
162.5294,75.5294,0.0,2.0
195.1786,145.0357,0.0,2.0
155.4,195.2,0.0,2.0
233.0,134.375,0.0,2.0
124.2273,227.3182,0.0,2.0
232.9091,234.2273,0.0,2.0
252.6333,288.6,0.0,2.0
137.6,271.72,0.0,2.0
210.3684,211.8421,0.0,2.0
176.7308,286.5,0.0,2.0
219.9375,323.5,0.0,2.0
171.619,295.1429,0.0,2.0
156.4091,347.9545,0.0,2.0
233.55,315.5,0.0,2.0
149.619,280.1905,0.0,2.0
115.65,341.3,0.0,2.0
159.5926,284.4444,0.0,2.0
172.4444,254.7778,0.0,2.0
109.3333,294.1111,0.0,2.0
152.8333,369.4444,0.0,2.0
109.4444,318.8333,0.0,2.0
110.625,305.0625,0.0,2.0
233.3158,274.4737,0.0,2.0
214.2917,290.7917,0.0,2.0
164.5625,292.1875,0.0,2.0
221.1905,244.381,0.0,2.0
243.7368,316.5789,0.0,2.0
190.6087,328.1304,0.0,2.0
256.697,336.8788,0.0,2.0
162.5714,259.3571,0.0,2.0
192.9444,252.2778,0.0,2.0
162.32,357.68,0.0,2.0
259.963,318.963,0.0,2.0
292.3889,302.0,0.0,2.0
212.0,324.3333,0.0,4.0
192.0,236.8846,0.0,2.0
194.8571,224.9524,0.0,2.0
154.2,242.2,0.0,2.0
286.35,366.2,0.0,2.0
208.1667,376.2778,0.0,2.0
184.25,349.6667,0.0,2.0
479.0,-204.5714,0.0,2.0
451.6,-362.0,0.0,2.0
373.8095,-245.7143,0.0,2.0
349.5,-263.6875,0.0,3.0
441.4545,-267.4545,0.0,2.0
358.1429,-302.4762,0.0,2.0
478.3529,-361.2353,0.0,2.0
431.4211,-223.9474,0.0,2.0
397.1,-222.5,0.0,2.0
307.2667,-350.0667,0.0,2.0
336.8333,-370.4167,0.0,2.0
396.25,-247.0,0.0,2.0
351.4706,-305.1176,0.0,2.0
442.625,-251.3333,0.0,3.0
431.5,-209.6875,0.0,2.0
419.4286,-316.5714,0.0,2.0
409.7826,-247.4348,0.0,2.0
370.4348,-290.6522,0.0,2.0
361.8571,-317.7619,0.0,2.0
323.5882,-362.9412,0.0,2.0
370.2941,-306.8824,0.0,2.0
363.0625,-387.8125,0.0,2.0
458.7895,-393.3684,0.0,2.0
379.1176,-309.7647,0.0,2.0
373.0,-283.8824,0.0,2.0
398.3684,-333.7895,0.0,2.0
474.0,-304.5909,0.0,2.0
476.7,-288.6,0.0,2.0
483.3077,-299.8846,0.0,2.0
386.4,-307.3333,0.0,2.0
328.65,-300.55,0.0,2.0
324.5,-282.5455,0.0,2.0
415.3333,-279.3333,0.0,2.0
341.1875,-252.625,0.0,2.0
391.55,-322.25,0.0,2.0
324.8824,-334.1765,0.0,2.0
443.4118,-293.8824,0.0,2.0
462.2727,-315.0,0.0,2.0
466.65,-206.15,0.0,2.0
462.4286,-324.2143,0.0,2.0
456.7273,-224.8636,0.0,2.0
321.125,-236.5,0.0,2.0
415.7,-306.5,0.0,2.0
484.1818,-349.8636,0.0,2.0
479.4737,-249.9474,0.0,2.0
405.3846,-201.3846,0.0,2.0
462.087,-211.1304,0.0,2.0
389.0,-287.3529,0.0,2.0
479.7273,-218.0,0.0,2.0
371.7083,-191.2083,0.0,2.0
406.8571,-82.4762,0.0,2.0
342.0,-143.7826,0.0,2.0
334.619,-83.5714,0.0,2.0
430.6842,-80.6316,0.0,2.0
360.8571,-22.1905,0.0,2.0
405.0,-137.6471,0.0,2.0
405.4643,-14.6071,0.0,2.0
397.9615,-59.8846,0.0,2.0
423.1,-172.8,0.0,2.0
469.75,-130.875,0.0,4.0
313.0,-76.6842,0.0,2.0
374.381,-112.0952,0.0,2.0
467.9048,-86.8095,0.0,2.0
388.0588,-49.1765,0.0,2.0
315.6,-112.8,0.0,2.0
403.3182,-103.9091,0.0,2.0
379.8095,-63.6667,0.0,2.0
246.25,-101.9375,0.0,2.0
421.4706,-45.7059,0.0,2.0
332.2609,-142.6087,0.0,2.0
328.75,-156.4583,0.0,2.0
408.6667,-47.0667,0.0,2.0
318.8125,-98.3125,0.0,2.0
340.0667,-156.8667,0.0,2.0
459.8571,-96.8929,0.0,2.0
442.8077,-140.5,0.0,4.0
342.625,-101.0,0.0,2.0
478.44,-101.84,0.0,2.0
336.1905,-95.1905,0.0,2.0
384.2143,-40.3571,0.0,2.0
397.4444,-16.7778,0.0,2.0
476.15,-117.75,0.0,2.0
383.9524,-116.619,0.0,2.0
462.8333,-62.5,0.0,2.0
447.0,-15.2632,0.0,2.0
440.129,-126.129,0.0,2.0
311.6316,-185.7368,0.0,2.0
414.0,-67.6667,0.0,2.0
394.7143,-94.4286,0.0,2.0
452.3529,-24.4706,0.0,2.0
455.6,141.4,0.0,2.0
313.4,100.9,0.0,2.0
427.913,83.5217,0.0,2.0
479.2143,163.5357,0.0,2.0
370.25,133.0,0.0,2.0
458.8824,195.7059,0.0,2.0
493.3913,102.3043,0.0,2.0
447.5238,149.7143,0.0,2.0
353.9474,119.6842,0.0,2.0
482.2778,104.0,0.0,2.0
477.9474,111.4211,0.0,2.0
444.15,50.75,0.0,2.0
482.6316,92.2105,0.0,2.0
319.7647,105.0588,0.0,2.0
446.6,59.95,0.0,2.0
491.6,24.85,0.0,2.0
327.6842,82.6316,0.0,2.0
462.15,97.5,0.0,2.0
358.8667,173.8667,0.0,2.0
438.2941,47.8824,0.0,2.0
441.0417,92.1667,0.0,2.0
438.1053,162.8421,0.0,2.0
418.8667,196.4667,0.0,2.0
458.5455,110.8636,0.0,2.0
468.5556,102.3333,0.0,2.0
415.2353,12.0588,0.0,2.0
307.7333,47.7333,0.0,2.0
380.125,88.4375,0.0,4.0
398.95,173.65,0.0,2.0
404.8824,155.8235,0.0,2.0
379.4118,9.7059,0.0,2.0
376.0667,47.6667,0.0,2.0
446.7059,69.6471,0.0,2.0
337.7333,194.7333,0.0,2.0
425.5263,150.2632,0.0,2.0
431.3,28.45,0.0,2.0
477.8462,197.9231,0.0,2.0
407.2143,5.6429,0.0,2.0
363.0667,55.7,0.0,2.0
428.8182,194.8182,0.0,2.0
422.8333,135.2778,0.0,2.0
388.6842,40.1053,0.0,2.0
413.9167,6.3333,0.0,2.0
399.2667,186.6,0.0,2.0
340.9545,103.9091,0.0,2.0
435.6667,70.8148,0.0,2.0
400.7273,198.3636,0.0,2.0
326.3684,365.1579,0.0,2.0
470.0455,267.8182,0.0,2.0
326.1053,324.2632,0.0,2.0
425.0,349.0556,0.0,2.0
492.0,314.3571,0.0,2.0
445.05,258.25,0.0,2.0
463.6667,350.6667,0.0,2.0
425.4444,255.0556,0.0,2.0
352.56,302.6,0.0,2.0
407.3125,303.0,0.0,2.0
454.5769,325.0769,0.0,2.0
435.0,342.15,0.0,2.0
471.5238,284.0952,0.0,2.0
361.8421,309.3684,0.0,2.0
441.7812,270.25,0.0,2.0
409.0,382.3333,0.0,2.0
450.0667,299.0,0.0,2.0
414.9524,321.7143,0.0,2.0
479.0667,252.8,0.0,2.0
452.0714,305.5,0.0,2.0
475.9231,247.2308,0.0,2.0
458.8261,225.0435,0.0,2.0
388.9231,387.7692,0.0,2.0
439.2941,283.0,0.0,2.0
434.65,245.1,0.0,2.0
353.0,376.2174,0.0,2.0
442.75,311.25,0.0,4.0
399.4762,275.7143,0.0,2.0
474.0952,221.2381,0.0,2.0
387.8333,245.6111,0.0,2.0
493.8889,267.4444,0.0,2.0
479.4583,319.9167,0.0,2.0
325.5417,297.0,0.0,2.0
345.1,320.6,0.0,2.0
431.3333,315.6667,0.0,4.0
408.9,232.2,0.0,2.0
464.2381,366.0,0.0,2.0
406.7727,272.2273,0.0,2.0
4.8462,-288.4231,0.0,2.0
169.4483,-447.0,0.0,2.0
15.7619,77.0476,0.0,2.0
405.0,-177.9545,0.0,2.0
75.619,416.8571,0.0,2.0
279.0,160.5185,0.0,2.0
180.0,-163.3636,0.0,2.0
-466.9565,270.4783,0.0,2.0
-94.5652,-289.087,0.0,2.0
384.0,211.2,0.0,2.0
-158.2381,-272.7143,0.0,2.0
65.1739,9.7826,0.0,2.0
-470.8571,42.0,0.0,2.0
-398.9048,-85.6667,0.0,2.0
77.0,474.5,0.0,2.0
72.92,218.6,0.0,2.0
-349.9167,210.2083,0.0,2.0
477.4857,206.9429,0.0,2.0
341.5385,205.8462,0.0,2.0
-276.8846,179.5769,0.0,2.0
-140.1667,135.0417,0.0,2.0
-245.2759,-379.069,0.0,2.0
-306.9,-347.8,0.0,2.0
26.7143,377.9524,0.0,2.0
-448.2857,176.4762,0.0,2.0
146.3636,-311.1818,0.0,2.0
93.9048,-411.5238,0.0,2.0
206.9,235.2,0.0,2.0
31.3333,406.1429,0.0,2.0
-9.7273,-250.5455,0.0,2.0
85.0435,193.0435,0.0,2.0
-64.8571,343.6667,0.0,2.0
-293.4615,-10.0,0.0,2.0
-122.1579,187.5789,0.0,2.0
-411.1818,74.4545,0.0,2.0
121.1053,-486.0,0.0,2.0
-294.5789,404.3158,0.0,2.0
-414.5,450.3,0.0,2.0
53.9565,-112.0,0.0,2.0
430.4167,166.3333,0.0,2.0
105.32,311.44,0.0,2.0
-375.5833,308.875,0.0,2.0
410.7059,148.5294,0.0,2.0
479.36,266.88,0.0,2.0
0.0435,279.9565,0.0,2.0
480.0,225.3158,0.0,2.0
-151.125,77.8333,0.0,2.0
-206.9545,172.7273,0.0,2.0
289.9524,-239.9048,0.0,2.0
403.35,48.9,0.0,2.0
-54.5882,406.7059,0.0,2.0
304.0,-151.85,0.0,2.0
125.15,294.35,0.0,2.0
-144.5238,-452.8571,0.0,2.0
-258.1875,397.5,0.0,2.0
-352.4583,177.5833,0.0,2.0
102.5,-248.6364,0.0,2.0
12.5714,450.5714,0.0,2.0
477.0,-145.6818,0.0,2.0
-201.25,271.05,0.0,2.0
-453.3,339.8,0.0,2.0
-351.1111,104.5556,0.0,2.0
-175.8421,245.7895,0.0,2.0
-179.4737,468.2632,0.0,2.0
-492.3684,225.0526,0.0,2.0
-486.625,-271.5,0.0,2.0
143.7273,209.2273,0.0,2.0
331.8889,-253.8333,0.0,2.0
399.4375,204.4375,0.0,2.0
235.3182,-1.3182,0.0,2.0
166.6897,-313.3793,0.0,2.0
437.5455,-67.6818,0.0,2.0
136.45,313.85,0.0,2.0
479.0476,288.8095,0.0,2.0
-194.0833,4.0,0.0,2.0
34.68,-113.4,0.0,2.0
276.9677,-86.0645,0.0,2.0
210.6842,-94.6842,0.0,2.0
-69.5385,489.8462,0.0,2.0
342.9565,-295.6522,0.0,2.0
-94.08,372.96,0.0,2.0
47.6071,456.8214,0.0,2.0
-355.7826,-46.0,0.0,2.0
-355.44,40.72,0.0,2.0
-183.129,199.6129,0.0,2.0
-176.05,-445.95,0.0,2.0
57.3913,-39.8261,0.0,2.0
-128.125,241.3333,0.0,2.0
187.3889,256.7778,0.0,2.0
423.84,-67.04,0.0,2.0
-60.7727,220.0909,0.0,2.0
-294.8333,-487.6667,0.0,2.0
-205.7368,88.6316,0.0,2.0
-177.92,113.64,0.0,4.0
184.8333,273.7778,0.0,2.0
-38.5,317.1,0.0,2.0
452.6667,28.0,0.0,2.0
-148.05,-293.8,0.0,2.0
325.3333,129.8889,0.0,2.0
22.2308,272.2308,0.0,2.0
202.5294,342.5882,0.0,2.0
-275.375,-474.125,0.0,2.0
-357.2692,-262.1923,0.0,2.0
-484.2,146.2,0.0,2.0
-220.9412,169.2353,0.0,2.0
-217.7333,-144.1333,0.0,2.0
473.6897,-184.7241,0.0,2.0
-148.9091,421.4545,0.0,2.0
-239.2963,443.8889,0.0,2.0
-152.1111,-254.2778,0.0,2.0
-474.0435,79.6957,0.0,2.0
-360.15,-404.3,0.0,2.0
197.9565,190.3478,0.0,2.0
257.8621,377.0,0.0,2.0
-76.8,-485.1,0.0,2.0
-340.15,-401.4,0.0,2.0
136.0,9.8333,0.0,2.0
-274.4412,-408.0588,0.0,2.0
481.8947,344.6842,0.0,2.0
-264.56,179.6,0.0,2.0
-478.125,64.0625,0.0,2.0
-356.625,250.3333,0.0,2.0
482.2941,-95.0,0.0,2.0
186.8235,187.0588,0.0,2.0
-469.1579,132.8947,0.0,2.0
183.5862,156.2069,0.0,2.0
-343.875,87.3333,0.0,2.0
397.2381,127.2857,0.0,2.0
-223.4545,189.9545,0.0,2.0
457.6774,-35.8065,0.0,2.0
-158.2273,480.8182,0.0,2.0
-229.1667,71.3333,0.0,2.0
-404.1364,107.3182,0.0,2.0
-253.5909,-437.9091,0.0,2.0
-219.36,207.92,0.0,2.0
195.5,213.0769,0.0,2.0
-295.1304,-49.8261,0.0,2.0
8.0526,316.1579,0.0,2.0
-359.7,90.6,0.0,2.0
-454.8,378.0,0.0,2.0
-7.4,405.3,0.0,2.0
265.25,120.375,0.0,2.0
-146.1304,169.4783,0.0,2.0
345.0,-92.8182,0.0,2.0
27.5217,96.9565,0.0,2.0
323.4583,44.0417,0.0,2.0
-117.15,279.7,0.0,2.0
45.0,-90.0952,0.0,2.0
-399.0,-332.9615,0.0,2.0
10.0,350.6538,0.0,2.0
488.2857,-153.619,0.0,2.0
74.4783,65.913,0.0,2.0
-250.963,466.0741,0.0,2.0
-281.1786,339.4286,0.0,2.0
-63.375,362.875,0.0,2.0
373.15,-263.5,0.0,4.0
-166.2632,-15.5789,0.0,2.0
-196.5294,106.2941,0.0,2.0
-354.8889,475.7778,0.0,2.0
153.05,22.75,0.0,2.0
302.5882,-134.9412,0.0,2.0
322.1111,237.1111,0.0,2.0
146.52,-79.8,0.0,2.0
385.0,-140.1786,0.0,2.0
-197.2353,117.5882,0.0,2.0
-233.8462,139.8077,0.0,2.0
223.4706,276.2353,0.0,2.0
-470.375,203.5625,0.0,2.0
-260.4762,161.6667,0.0,2.0
-292.0,74.0,0.0,2.0
-111.6429,160.8571,0.0,2.0
-355.0,116.8333,0.0,2.0
211.381,262.8571,0.0,2.0
-72.6471,-23.5294,0.0,2.0
-446.88,-54.8,0.0,2.0
-439.0833,339.8333,0.0,2.0
-314.7778,185.5,0.0,2.0
-30.2,217.25,0.0,2.0
60.5625,57.6875,0.0,2.0
-322.9474,-96.3684,0.0,2.0
155.5862,-131.2759,0.0,2.0
220.3462,164.3077,0.0,2.0
410.1923,-162.5385,0.0,2.0
-147.4118,-311.7059,0.0,2.0
248.5,5.9583,0.0,2.0
-407.7143,276.381,0.0,2.0
-214.2222,-471.7778,0.0,2.0
30.1667,476.2083,0.0,2.0
333.875,-338.1667,0.0,2.0
-233.6667,-490.2857,0.0,2.0
-74.8947,-474.6316,0.0,2.0
-140.1053,-217.6316,0.0,2.0
386.15,133.7,0.0,2.0
104.1176,-317.1765,0.0,2.0
137.9412,410.0,0.0,2.0
266.6667,212.0,0.0,2.0
-159.5909,281.2273,0.0,2.0
-18.1905,54.9048,0.0,2.0
-197.1875,176.75,0.0,2.0
-379.5,412.7333,0.0,2.0
185.05,48.0,0.0,2.0
-290.4,-23.88,0.0,2.0
-69.4783,307.087,0.0,2.0
-415.5,4.15,0.0,2.0
-182.4118,-28.0588,0.0,2.0
418.6667,352.1667,0.0,2.0
224.4348,26.3043,0.0,2.0
-31.6875,249.875,0.0,2.0
108.7,284.75,0.0,2.0
-95.8235,455.6471,0.0,2.0
-96.1579,272.2632,0.0,2.0
-108.3,333.4,0.0,2.0
-462.7619,57.2381,0.0,2.0
461.1053,8.6842,0.0,2.0
-76.9545,14.8182,0.0,2.0
210.2069,143.2414,0.0,2.0
421.9375,227.0,0.0,2.0
478.4118,378.5294,0.0,2.0
115.0,-18.0,0.0,2.0
-25.25,358.9375,0.0,2.0
-197.7857,430.8571,0.0,2.0
-415.35,-14.5,0.0,2.0
-32.8333,119.6667,0.0,2.0
-421.4737,158.0526,0.0,2.0
127.5,444.0,0.0,2.0
279.7222,-38.6667,0.0,2.0
-267.6538,405.7692,0.0,2.0
282.6923,52.4615,0.0,2.0
345.8333,259.2222,0.0,2.0
57.8889,-431.7778,0.0,1.0
-100.35,37.05,0.0,2.0
-76.5,388.125,0.0,2.0
344.9412,-84.0588,0.0,2.0
284.6207,62.7931,0.0,2.0
-435.05,370.85,0.0,2.0
220.4211,91.1579,0.0,2.0
-413.1111,183.8889,0.0,2.0
-259.4091,282.8636,0.0,2.0
-177.9444,4.8333,0.0,2.0
-340.4737,316.3684,0.0,2.0
401.3889,253.8889,0.0,2.0
-417.3333,330.1333,0.0,2.0
166.125,141.125,0.0,2.0
-392.3333,467.7778,0.0,2.0
201.1364,157.1364,0.0,2.0
-260.6154,272.5385,0.0,2.0
92.7778,222.8889,0.0,2.0
320.5,35.875,0.0,2.0
-269.619,160.1429,0.0,2.0
-333.9667,484.7667,0.0,2.0
-418.0,213.75,0.0,2.0
55.65,65.9,0.0,2.0
146.65,227.65,0.0,2.0
272.5238,-49.1905,0.0,2.0
35.2941,-482.9412,0.0,2.0
447.4,10.75,0.0,2.0
-70.2632,385.4737,0.0,2.0
-192.7333,204.2,0.0,2.0
317.7222,303.3333,0.0,2.0
-457.4667,246.8667,0.0,2.0
75.8947,229.0,0.0,2.0
166.25,387.5625,0.0,1.0
350.0,247.5652,0.0,2.0
-399.2105,-153.3158,0.0,2.0
-375.6,334.9333,0.0,2.0
194.625,-56.1875,0.0,2.0
-268.0385,305.0769,0.0,2.0
-203.8235,-458.4706,0.0,2.0
-46.5,421.7778,0.0,2.0
55.4,-442.55,0.0,2.0
-183.4737,266.2105,0.0,2.0
-249.3125,261.0,0.0,2.0
-176.0,266.2222,0.0,2.0
-255.6,301.92,0.0,2.0
72.7778,75.2222,0.0,2.0
257.6875,254.625,0.0,2.0
102.2308,217.0385,0.0,2.0
-336.5263,115.9474,0.0,2.0
-22.0667,38.0667,0.0,2.0
-108.4737,239.3684,0.0,2.0
57.3125,75.5,0.0,2.0
-352.25,-311.5833,0.0,2.0
-15.8947,349.5789,0.0,2.0
408.7619,242.6667,0.0,2.0
-33.0526,35.7368,0.0,2.0
453.5556,3.2222,0.0,2.0
345.4091,-353.1364,0.0,2.0
226.8333,-95.0,0.0,2.0
-29.1111,455.3333,0.0,2.0
-441.28,78.72,0.0,2.0
103.4,436.2667,0.0,2.0
-350.1481,278.3704,0.0,2.0
290.4545,294.1818,0.0,2.0
157.7917,162.875,0.0,3.0
-427.4828,218.6552,0.0,2.0
225.381,-85.2381,0.0,2.0
-324.4167,95.8333,0.0,2.0
381.7647,249.9412,0.0,2.0
-206.8235,-471.0588,0.0,2.0
-148.0,228.5882,0.0,2.0
309.5,-219.8333,0.0,2.0
-251.1176,56.5294,0.0,2.0
139.381,436.6667,0.0,2.0
-322.5714,69.2857,0.0,2.0
-433.2308,106.4615,0.0,2.0
-78.2632,254.9474,0.0,2.0
251.9375,246.0,0.0,2.0
-153.8095,352.4762,0.0,2.0
372.0,-255.3571,0.0,2.0
-68.6875,316.5625,0.0,2.0
-315.5,219.4,0.0,2.0
-252.0588,-486.4118,0.0,2.0
-376.6,377.5333,0.0,2.0
-366.44,486.84,0.0,2.0
-268.5625,333.0,0.0,2.0
149.6111,267.8889,0.0,2.0
158.1154,141.2308,0.0,2.0
336.6087,-347.6957,0.0,2.0
-351.2667,285.6,0.0,2.0
-250.3214,375.0714,0.0,2.0
-146.6316,274.0,0.0,2.0
156.7778,152.5,0.0,2.0
117.2857,425.8095,0.0,2.0
-322.8125,482.9375,0.0,2.0
-272.2,311.8,0.0,2.0
425.0,234.0,0.0,2.0
-368.7368,473.8947,0.0,2.0
-201.6111,-49.4444,0.0,2.0
-393.0625,-323.9375,0.0,2.0
150.1176,254.7647,0.0,2.0
-411.0,112.7273,0.0,2.0
-448.3333,-43.4,0.0,2.0
279.1579,-49.1053,0.0,2.0
344.4375,-359.0625,0.0,2.0
12.1538,359.2308,0.0,2.0
-86.087,274.6522,0.0,2.0
-440.4375,349.3125,0.0,2.0
-399.4091,363.9545,0.0,2.0
-482.6296,279.3333,0.0,2.0
-338.2632,104.1579,0.0,2.0
-138.2632,470.7895,0.0,2.0
-83.6364,263.3636,0.0,2.0
221.0455,151.8636,0.0,2.0
140.7826,253.6087,0.0,2.0
-30.52,41.96,0.0,2.0
-173.8571,-25.7143,0.0,2.0
-174.45,195.1,0.0,2.0
-24.1176,344.6471,0.0,2.0
-320.6667,83.5556,0.0,2.0
-146.4444,264.2222,0.0,2.0
235.55,23.95,0.0,2.0
-272.6154,430.4615,0.0,2.0
35.8947,98.3158,0.0,2.0
149.6,157.6667,0.0,2.0
-167.0,351.5714,0.0,2.0
-274.6842,334.7895,0.0,2.0
-410.75,363.6875,0.0,2.0
-257.9444,51.1111,0.0,1.0
430.8462,238.0769,0.0,2.0
486.7333,268.8667,0.0,2.0
-266.8,445.0667,0.0,2.0
-382.7,388.65,0.0,2.0
67.4,-39.9333,0.0,2.0
-428.8462,255.2308,0.0,2.0
-358.2667,270.5333,0.0,2.0
-426.0,423.2143,0.0,2.0
-250.4286,325.5714,0.0,2.0
-431.4444,164.2222,0.0,2.0
-311.4286,72.1429,0.0,2.0
-414.5238,177.3333,0.0,2.0
-390.2105,379.3158,0.0,2.0
-396.5238,375.8095,0.0,2.0
-255.375,329.1875,0.0,2.0
-420.5333,380.6,0.0,2.0
-266.5714,436.4286,0.0,2.0
-255.95,34.95,0.0,2.0
243.1333,15.8,0.0,2.0
230.9412,33.1765,0.0,2.0
-421.5,261.0455,0.0,2.0
-177.0588,354.3529,0.0,2.0
-383.4737,379.7368,0.0,2.0
